"authorization.id","authorization.name","authorization.expires","authorization.value","authorization.created_at","authorization.token","status.id","status.name","order.id","order.name"
1,"JR3XgMzplOpq","2020-05-20 19:18:00","foo1.bar.local","2020-05-19 19:17:59","V6JgrDKnz6Y5AeuHZluuzypUTOISmgKD",6,"expired",1,"hqeLmg7VFqQM"
2,"6DvouKdOuGB3","2020-05-20 19:18:26","foo1.bar.local","2020-05-19 19:18:25","od48jZq6PMP2ZtjFSviDWCX7OfZ0L4jS",6,"expired",2,"b1wlz0PvIiih"
3,"UzhdACppBaLj","2020-05-20 19:20:07","certbot-1.bar.local","2020-05-19 19:20:03","FLLLQCBwPsIr5rkALGIhwORmWCJA7wXV",6,"expired",3,"F886mXiKvNfd"
4,"BzpFunyl3xAu","2020-05-20 19:20:07","certbot-2.bar.local","2020-05-19 19:20:03","MwSNALY5XiWgY878RVt1ETcFViQ0kWYM",6,"expired",3,"F886mXiKvNfd"
5,"WqVk0hkyT7HM","2020-05-20 19:22:40","certbot-3.bar.local","2020-05-19 19:22:37","7BnIuaiO1CYhfxFnRwBUCAD40nSUA0O2",6,"expired",4,"sFiDuIBiPRN1"
6,"m1c0c0k5Lim8","2020-05-20 19:22:41","certbot-4.bar.local","2020-05-19 19:22:37","3TW7xrAohIapjLt1MToHtgVr9y0m1XtE",6,"expired",4,"sFiDuIBiPRN1"
7,"qw6sxs5efqgj","2020-05-22 06:02:20","foo1.bar.local","2020-05-21 06:02:20","PbJwctTPw6DArtWvj7jkvuaIUBHzspjr",6,"expired",5,"Gq9X9qpORBNx"
8,"advfTJBwdzLb","2020-05-22 11:10:42","foo1.bar.local","2020-05-21 11:10:42","FcmxgzdGfZBdTxjIQjKqY2zJucHWVtEU",6,"expired",6,"DE9TJn0sDESh"
9,"kZa7BZkymq0i","2020-05-22 11:11:45","foo1.bar.local","2020-05-21 11:11:45","yUAvYT1V8GQmX4dNp8FeIC4yAilfGWaY",6,"expired",7,"FQACNUbhcwiu"
10,"73yOvLrAK9bJ","2020-05-22 12:31:12","foo1.bar.local","2020-05-21 12:31:12","6xcA6a2SNK2Lb7raqgaFyzlDrGFaVxqu",6,"expired",8,"cCfFhMTGwGQY"
11,"FeWbQrQxHA6R","2020-05-22 12:31:44","foo1.bar.local","2020-05-21 12:31:44","Lzzpt1I4ea7U7mmwA6G09Zf7tEl4ufhO",6,"expired",9,"fMJJy3KdfVbA"
12,"WLzo1WIVaAIa","2020-05-22 12:32:19","foo1.bar.local","2020-05-21 12:32:19","WxU9uAw8YVyj4QbHnTWURzChqOVrZ8ro",6,"expired",10,"rgahf9Tm9Czp"
13,"H9BZarw286Vz","2020-05-22 15:02:01","foo1.bar.local","2020-05-21 15:02:01","556hihWevln7Z0oW59WmBFIrcpFqw5v3",6,"expired",11,"OKbR4SbtCzFg"
14,"tpepRrJNplMg","2020-05-22 15:12:45","foo1.bar.local","2020-05-21 15:12:44","4PyTXUYto8t6IrxngqEpIaIyEKXZNvy0",6,"expired",12,"6zkpgOaS1GJk"
15,"FmzlUhLOvaAz","2020-05-22 15:20:25","foo1.bar.local","2020-05-21 15:20:24","oHIbshossKPgM08inra4gtg50WtmOWu4",6,"expired",13,"692KprfRTV1o"
16,"TZtLj3KuwYxx","2020-05-22 15:40:54","acme.nclm-samba.local","2020-05-21 15:40:53","wXv7ObWvigNUoVy6jbbs6YeIGMtJZbGr",6,"expired",14,"EnKfBAI3TBS6"
17,"shZ9cmAm2lq9","2020-05-22 15:40:54","acme2.nclm-samba.local","2020-05-21 15:40:53","sRuxgdRKdf9JmibwGkppSUNxQIQ24NtA",6,"expired",14,"EnKfBAI3TBS6"
18,"kLDnqSYx5loZ","2020-05-23 02:57:44","foo1.bar.local","2020-05-22 02:57:44","z9DiitMuN51YqpeKMjI7d6GoEGRVzmTC",6,"expired",15,"TXqVeLlIKHco"
19,"YKjBmlYNt0xh","2020-05-23 03:18:46","foo1.bar.local","2020-05-22 03:18:46","2CKRYDJCf2c0ftNVL1W7hgppHHpQv322",6,"expired",16,"gkiaREaeMhGO"
20,"TnzkYx31SM1D","2020-05-23 03:33:24","foo1.bar.local","2020-05-22 03:33:24","HZPLdo8s2n9aamzd7GlhPeVK5ASWX8Vb",6,"expired",17,"Iq1XTHcJgg5r"
21,"zakxWsMDYmys","2020-05-23 03:33:42","foo1.bar.local","2020-05-22 03:33:41","mLssJfH6jc5yv7sbhlvoTAy2KCkGGyRF",6,"expired",18,"5G9e9Xs4DghW"
22,"c3xHz6O9rHFV","2020-05-23 03:34:30","foo1.bar.local","2020-05-22 03:34:29","B2zyY9mr70I0DhKUYbHFh5sxZYrDcYAs",6,"expired",19,"gIIujNbDqtvR"
24,"zeVK08qfSiEV","2020-05-23 03:39:18","foo1.bar.local","2020-05-22 03:39:18","W0aZqodZyTHGTkBcRdvAvzO1ZEXh3Y7W",6,"expired",21,"uqvhOs39j8VT"
25,"pLb54Avf3XAy","2020-05-23 03:40:12","foo1.bar.local","2020-05-22 03:40:12","tlX7PiVGKymoERaB71K6NALykaQ4cUcQ",6,"expired",22,"GTj8NYMjsj3G"
26,"OR5Ul3F040OB","2020-05-23 03:48:25","foo1.bar.local","2020-05-22 03:48:25","OTPGXaoWIFYjEEuwyjIXBJSxekaNYyWp",6,"expired",23,"GgYNp58xWAOh"
27,"JIUrAGHxDTah","2020-05-23 03:49:50","foo1.bar.local","2020-05-22 03:49:50","5FZSl8RDxR6C6j73etfOg2ZhPgmxWJNP",6,"expired",24,"C8maLfYyTUcL"
28,"TPXdSNC5SIJ0","2020-05-23 03:54:41","foo1.bar.local","2020-05-22 03:54:41","iai8M2sr8b3F1qwl4zsE3OJly7r3usuj",6,"expired",25,"XjdzkuFereFp"
29,"8SOHGALqZlDA","2020-05-23 03:56:40","foo1.bar.local","2020-05-22 03:56:40","OOgF5jKbieyZwrqEX8iFM9iM0CJowwvr",6,"expired",26,"aHsA2TJUmGRb"
30,"v2tw3hIq3bpf","2020-05-23 03:58:05","foo1.bar.local","2020-05-22 03:58:05","fF31irt5251SrpEvmZOwKAjIXt6MhXTK",6,"expired",27,"gst9QFQsqIZt"
31,"t0vlr7voyGlF","2020-05-23 04:01:24","foo1.bar.local","2020-05-22 04:01:24","Hz4GwgOafzWlnZv4YCMyDW4QUW5BYDN1",6,"expired",28,"rCnEbY7i2bHh"
32,"fsEDhxunlVOo","2020-05-23 04:02:50","foo1.bar.local","2020-05-22 04:02:49","srbK2O5EPPmolpsOGdHgNUGHPhe6nOsk",6,"expired",29,"LHTlW3m6Etxf"
33,"iqgHzq7leEtl","2020-05-23 04:08:52","foo1.bar.local","2020-05-22 04:08:52","JngZG1Ig8xct7RL5jTofrh5dDrxWsGw4",6,"expired",30,"FlbS7EII25gG"
34,"isYU4DAHbIDK","2020-05-23 04:10:25","foo1.bar.local","2020-05-22 04:10:25","e55qGw26FOxdGxPp2Yn1SW2C6XLFPeHx",6,"expired",31,"ms9K94PpQITo"
35,"QhUh8mNbF6Wa","2020-05-23 04:13:15","foo1.bar.local","2020-05-22 04:13:15","Xa59yAjv0YWOODBl598PvXMdv11szvJV",6,"expired",32,"eZuGREh2GbEi"
36,"cYZ8koG9GjSt","2020-05-23 04:14:29","foo1.bar.local","2020-05-22 04:14:29","SwxRpXXYSCipVUaXat5fksg8QEtP6RWV",6,"expired",33,"LrglKTJDWwzt"
37,"UJbxZ2CnPCCh","2020-05-23 04:15:48","foo1.bar.local","2020-05-22 04:15:48","eMIgstswR66ODVZezxx6LhidQ1cH6cWP",6,"expired",34,"VrtpZ3qJff9s"
38,"Yr7XSmrXAtqQ","2020-05-23 04:17:47","foo1.bar.local","2020-05-22 04:17:47","kuPsOL1n4kr6jQeBwlKnPDm7xal9yXmU",6,"expired",35,"nXfBSIb9Aytd"
39,"fbsJ4djfqlcx","2020-05-23 04:19:01","foo1.bar.local","2020-05-22 04:19:00","bP5sjidBUNKEsTZsK8vyRgwwaZfo6H0t",6,"expired",36,"OoPsPSIEdhsh"
40,"G69rfmIkBnGC","2020-05-23 04:24:08","foo1.bar.local","2020-05-22 04:24:08","1Psks3MxNQS44f7r2ZiMhnbICHa2ho1V",6,"expired",37,"cwpSXcQBy1cV"
41,"U7K9xn0GzvZ9","2020-05-23 04:25:37","foo1.bar.local","2020-05-22 04:25:37","U9dJeVA4NpwF6sb42aoB2EtVgqZThnUO",6,"expired",38,"5Ua4pXxOWcpm"
42,"NruhPQWebFt6","2020-05-23 04:27:00","foo1.bar.local","2020-05-22 04:26:59","2fpNJsw67BPdCuIwlWv1swldgeFVQr1K",6,"expired",39,"xDCYW3rJNVeO"
43,"6nT9cTEB0Eeu","2020-05-23 04:28:11","foo1.bar.local","2020-05-22 04:28:11","L3VFAv9Pc6WorT9Zd6FEUL6MNA3sLAyX",6,"expired",40,"AdjEbwmXHWTq"
44,"DYYr4325InrQ","2020-05-23 04:29:36","foo1.bar.local","2020-05-22 04:29:35","knh9fSKhVz9TtdBP8h568XVwb7A2yfK7",6,"expired",41,"W3s0cQV08qGm"
45,"myBYgUXT4gt5","2020-05-23 04:30:28","foo1.bar.local","2020-05-22 04:30:28","9sXkzbMgcgbJPX9wQbGzANY25zHgwUrJ",6,"expired",42,"NYZBZU4Ugm98"
46,"r0e9j2pceg12","2020-05-23 05:00:09","foo1.bar.local","2020-05-22 05:00:09","8aISmK32FvUjv8eA1If4QhDb7eGHTE13",6,"expired",43,"OFm2FhGUsmD6"
47,"NQWWtxXhxlPI","2020-05-23 05:25:32","foo1.bar.local","2020-05-22 05:25:32","52hBtD3J2nJuamhYLzDrNIwFp3oSuPnV",6,"expired",44,"9ZTgSyB7zwY2"
48,"iqiPSvDC11qF","2020-05-23 05:34:02","foo1.bar.local","2020-05-22 05:34:01","TmOepyaTga3Ml4TJFbkSlmjW6b7oAZbG",6,"expired",45,"qLia19j5Sctk"
49,"fW0M8m9WVe9w","2020-05-23 05:39:11","foo1.bar.local","2020-05-22 05:39:11","Ajh1cplfUBBI0rMiezct0SCBBKHzp8Ij",6,"expired",46,"KWJK1geJHfsS"
50,"xulejfK9Plts","2020-05-23 05:59:03","foo1.bar.local","2020-05-22 05:59:03","0X22W5geFoP4dEUGs3WNCuBGJ2SxVmwS",6,"expired",47,"hClipSvymu4r"
51,"8Yec0EnBPyvj","2020-05-23 06:01:28","foo1.bar.local","2020-05-22 06:01:27","2BtBseFX2Cd3S2mwd3REUnOThm5Wu2Ka",6,"expired",48,"80j3twRMvef2"
52,"8dAn8ab20Sky","2020-05-23 06:01:59","foo1.bar.local","2020-05-22 06:01:59","Bz2YXup9aFffjRHIFwCWSvAP5ujXbww5",6,"expired",49,"5tgKSZFWeukD"
53,"5aonUI949lJ5","2020-05-23 06:02:53","foo1.bar.local","2020-05-22 06:02:52","Bazyc071hMEG6Xvr2v22AhiiBAqO2vJK",6,"expired",50,"KKacDq679kqd"
54,"a5dli890WhO9","2020-05-23 06:26:05","foo1.bar.local","2020-05-22 06:26:04","MI1cW2hnmIIhJukBj9QRcN5AALs5iXqk",6,"expired",51,"DvHXPg88Ea1d"
55,"m2pLR3q6dDzn","2020-05-23 06:28:32","foo1.bar.local","2020-05-22 06:28:32","cOrME35IYx5ZiRjuAubCFWZfQVvhqfjM",6,"expired",52,"tezcddI9dTBd"
56,"JeAB24Y3NmZ3","2020-05-23 06:29:37","foo1.bar.local","2020-05-22 06:29:37","b6pFfREEQKf4tWkTdS2WuP3iw2O82dbr",6,"expired",53,"d5loMG2QJ9Vw"
57,"IpVYjBjr68WW","2020-05-25 18:22:02","foo1.bar.local","2020-05-24 18:22:01","7tITZjKQr1jCZaoQDAXm8lgpLLX5wgL0",6,"expired",54,"RKdwwO2dwfwM"
58,"0UC3f2Jd5ZxJ","2020-05-25 18:42:24","foo1.bar.local","2020-05-24 18:42:24","yj6SnS55waKJF0lwxnEde49CdCZQusuj",6,"expired",55,"kTT8EwwGOIMr"
59,"JVXsYmJoL1c6","2020-05-26 17:16:01","foo1.bar.local","2020-05-25 17:16:01","6KApudF7EZ9ph6ALJdZLeYsD3EUWpE2x",6,"expired",56,"Oerv73PfOHfs"
60,"ZEHtnWecNhmC","2020-05-26 17:16:36","foo1.bar.local","2020-05-25 17:16:36","NJOmhBURv3vWj4rNuRJaqRCT9Ode0jlC",6,"expired",57,"aO6tehlExInt"
61,"Ql04IMKKYGqT","2020-05-26 17:16:58","foo1.bar.local","2020-05-25 17:16:58","iHciTOIKRljSnChf4PUzM9UD5zuf5SYE",6,"expired",58,"8503XalBsEMW"
62,"XIddeVaAh7Wl","2020-05-26 18:17:34","foo1.bar.local","2020-05-25 18:17:34","dZL7lzP1YC4E0B4NkynW0tF9ep7b1c1I",6,"expired",59,"1Ewf5cBP8uOM"
63,"6s9n0Xgwfu84","2020-05-28 06:40:54","foo1.bar.local","2020-05-27 06:40:53","VHSul4jfZu9fLdb81mq11PmpWHwUYZ9o",6,"expired",60,"sm5RaJYrRCKZ"
64,"KNLrUTfk7B5S","2020-05-28 06:41:46","foo1.bar.local","2020-05-27 06:41:45","Qh9m7Fu7N0DrATD16GXZHo8CmptmG2vt",6,"expired",61,"Sxn9Wb04yXNe"
65,"cBMAaljG2DQd","2020-05-28 06:41:51","foo1.bar.local","2020-05-27 06:41:51","DYqZts4UmvLupw1CGq4yAiZ8oEuvUJSH",6,"expired",62,"j79WvsCjCiYz"
66,"2LM53MiA8dl8","2020-05-28 06:45:23","foo1.bar.local","2020-05-27 06:45:23","Gz97P1vI1S2NPmQQk09EO0xvjzMPUfcA",6,"expired",63,"wTvLuDLfR3vt"
67,"00WJzsoEHebk","2020-05-28 12:30:19","foo1.bar.local","2020-05-27 12:30:19","RkUKlGWX8Lhr8c64gd6QDikjnzXTa25i",6,"expired",64,"1iLtDcYX6n4G"
68,"NX22Fy1nASyE","2020-05-28 13:30:09","foo1.bar.local","2020-05-27 13:30:09","sPkCed7F3jiTfPs1J1gGQDgaChGRRPPp",6,"expired",65,"2wRH5FRbnX5k"
69,"lcuQSoWcj3Zc","2020-05-28 13:31:02","foo1.bar.local","2020-05-27 13:31:02","ncynckeNvcoaPJWfr3JXLeBPaoJ0my2O",6,"expired",66,"IhevQn22dB5P"
70,"4g7xp57Vgw4J","2020-05-28 13:34:26","foo1.bar.local","2020-05-27 13:34:26","GO6BR65JescwyqbsikKkxEB5H4O90vAX",6,"expired",67,"byqoRVGYGOt0"
71,"MDjyVX4xuE3I","2020-05-28 13:34:56","foo1.bar.local","2020-05-27 13:34:56","NgB6mwFWmrioRmpZaBSY8NxXTRTz7BvU",6,"expired",68,"MAECSIfdJMoZ"
72,"wATbpeSDp31f","2020-05-28 13:35:25","foo1.bar.local","2020-05-27 13:35:25","S6S4LuvM0gNO84LBcKD7Nd8j63gRyeeE",6,"expired",69,"GxVvTb6H1vSe"
73,"x0AeVaL1yE36","2020-05-28 13:36:26","foo1.bar.local","2020-05-27 13:36:25","9jSuwWAS3Uv02wdz9FqvpgQHCmjsIe1c",6,"expired",70,"4apwHp6WOT7e"
74,"zdwhQJB0wx8F","2020-05-28 13:37:11","foo1.bar.local","2020-05-27 13:37:10","MsvP7H3ecGFADcMbIW1sfGHUJSzIqLl2",6,"expired",71,"W3vftQ3ARpZN"
75,"1pDdGcsmFTUE","2020-05-28 13:37:46","foo1.bar.local","2020-05-27 13:37:46","AvGSzHQHJvVHSXCI6TsJNBOo9J3TBWfn",6,"expired",72,"aRATeNjhE6QC"
76,"3blTwijwYSDg","2020-05-28 13:38:10","foo1.bar.local","2020-05-27 13:38:10","NvJ7KCPbNyr9Ms8bJChPiZ8A6DYdbBwk",6,"expired",73,"mZMeA7cvvl4v"
77,"61ZumpeRurby","2020-05-28 13:38:34","foo1.bar.local","2020-05-27 13:38:34","fjC9UIUb8lKLoGbbr4LcAQwTCjO1BPaU",6,"expired",74,"QfY0tpKlpo6h"
78,"rwSdQ2fPnxeu","2020-05-28 14:08:55","foo1.bar.local","2020-05-27 14:08:55","nCDFRrkgyyHtgzRoiJwNo2oyMIxvUmyq",6,"expired",75,"5CC2yFqd5oeR"
79,"q9TQx6WTOpVM","2020-05-28 14:18:31","foo1.bar.local","2020-05-27 14:18:31","mvpHUgIhszxuFHp8alBlCiU9MLrQKI1J",6,"expired",76,"AWBPNnH7WM0o"
80,"WUeBEkhTW1wI","2020-05-28 14:19:11","foo1.bar.local","2020-05-27 14:19:10","fqoRym6Gvzio6fkojhCYzRw9Vf2Avrok",6,"expired",77,"7FlDMYLk7GPB"
81,"BV034prCcX1f","2020-05-28 14:19:38","foo1.bar.local","2020-05-27 14:19:38","Pp6UbFaeuLtZpnntuIPeYgyHBWi2G8CP",6,"expired",78,"jCZ2J8HtyS2n"
82,"tBuH8C440HSO","2020-05-28 14:20:45","foo1.bar.local","2020-05-27 14:20:45","qovJYuOdRRhhXon1UylNP6jvVPLXUzxr",6,"expired",79,"rOXe1yHzhdOQ"
83,"SNElSqOAqNxv","2020-05-28 14:22:03","foo1.bar.local","2020-05-27 14:22:03","kvFwL4WL47n2OgpdEvdBfKJ0FgnmyWQf",6,"expired",80,"hMaDc45p2gpt"
84,"SkEehKsP6sla","2020-05-28 14:26:40","foo1.bar.local","2020-05-27 14:26:40","MnrNuzcB9L74fFXL494Wkx0fdCJkihys",6,"expired",81,"KEIGsP44uSqr"
85,"4wlW9FQPyE41","2020-05-28 14:44:34","foo1.bar.local","2020-05-27 14:44:33","9tT4kmIKGdfkkhylmmQvD2hayYJ77IHM",6,"expired",82,"Q9dHLUFJDVq1"
86,"9RESgtFhGEcJ","2020-05-28 16:44:31","certbot-1.bar.local","2020-05-27 16:44:31","2Z6FvFZG9hxJIn1afKa2nkv7SzGtPEZm",6,"expired",83,"EOOGtuWJ01Np"
87,"Z3SkjnqwfCAU","2020-05-28 16:44:31","certbot-2.bar.local","2020-05-27 16:44:31","9eQK3Bjekrmx1WGH9KtOATygR6gBtEi3",6,"expired",83,"EOOGtuWJ01Np"
88,"yqsuZhdc49JA","2020-05-28 16:44:56","certbot-1.bar.local","2020-05-27 16:44:52","ZI2u7iNLvXtV1oHgl1j5Jic0FqhYTDyY",6,"expired",84,"hNSXmgTblz4H"
89,"sMyGxDVOcNmj","2020-05-28 16:44:57","certbot-2.bar.local","2020-05-27 16:44:52","C3q2ass3Hw8Uxs7f6HJ0XbJN8q6DRoWx",6,"expired",84,"hNSXmgTblz4H"
90,"lV6ng7Zij3KS","2020-05-28 16:45:53","certbot-1.bar.local","2020-05-27 16:45:48","ZfKPcWLWYM5BGn2OXDh913Y2tYqsgtJA",6,"expired",85,"G6s3Oj2iyQxS"
91,"EdhV98oBLiSh","2020-05-28 16:45:53","certbot-2.bar.local","2020-05-27 16:45:48","iT9PnvUPWa5laGkoI5J9RgLePzrc05rK",6,"expired",85,"G6s3Oj2iyQxS"
92,"eiWGueyySlDk","2020-05-28 16:45:53","certbot-3.bar.local","2020-05-27 16:45:48","CcpaDNvb72orlJ4vOi5vVajzTmgf5uEC",6,"expired",85,"G6s3Oj2iyQxS"
93,"ICTV8r3SxPMD","2020-05-28 16:45:54","certbot-4.bar.local","2020-05-27 16:45:48","WXHmg6TG142hfXCM6cXTHU1aAbzCXody",6,"expired",85,"G6s3Oj2iyQxS"
94,"XRrEA3Qa9giO","2020-05-28 16:45:54","certbot-5.bar.local","2020-05-27 16:45:48","KHQN3pxU0O5dwMqJ33iC5KMQQF7R6NJZ",6,"expired",85,"G6s3Oj2iyQxS"
95,"hvJsfVMaQCV6","2020-05-28 16:46:38","certbot-1.bar.local","2020-05-27 16:46:32","u4b5UTrxsv0rjatn7ksKuy43UtmJxVk6",6,"expired",86,"B7nund1xolqu"
96,"TBXDRODgzEoT","2020-05-28 16:46:38","certbot-2.bar.local","2020-05-27 16:46:32","cZEdJqDaDlPhKUMD15C3FfzqOBtkucOk",6,"expired",86,"B7nund1xolqu"
97,"ldf6B518lDAx","2020-05-28 16:46:38","certbot-3.bar.local","2020-05-27 16:46:32","UI3sKfmeXyul6i0odxgei537iBXI2hhC",6,"expired",86,"B7nund1xolqu"
98,"wlpbLBYzAwch","2020-05-28 16:46:38","certbot-4.bar.local","2020-05-27 16:46:32","wHbxmI4Ul2oH2UkKnvHceC8WbUYCFNkb",6,"expired",86,"B7nund1xolqu"
99,"YLgq656FyztW","2020-05-28 16:46:38","certbot-5.bar.local","2020-05-27 16:46:32","NMiCqABnLTTSaQZfkEzZbtSJMiEk4ikV",6,"expired",86,"B7nund1xolqu"
100,"QvY7D66q620A","2020-05-28 16:46:38","certbot-6.bar.local","2020-05-27 16:46:32","56jTcBiRSXdlWwWYWLAzncIevhf8v1ap",6,"expired",86,"B7nund1xolqu"
101,"vmSPj8wa3dAt","2020-05-28 16:46:38","certbot-7.bar.local","2020-05-27 16:46:32","NafuRjl2INXgfQT0pjhjGxab5qRZ3YS9",6,"expired",86,"B7nund1xolqu"
102,"njK8dbIIGQYP","2020-05-28 16:46:38","certbot-8.bar.local","2020-05-27 16:46:32","zR0WdbwZY3cAlAgUafRdPbHqB5jTSvtE",6,"expired",86,"B7nund1xolqu"
103,"xGhXJKG82rAn","2020-05-28 16:46:59","certbot-1.bar.local","2020-05-27 16:46:53","IxnxlH9WbrGMr3QoI328SzGOIFVSLup3",6,"expired",87,"DsVBtb1VV3RS"
104,"j5Z4KYSrHOJU","2020-05-28 16:46:59","certbot-2.bar.local","2020-05-27 16:46:53","TwlJj8bpQtKyiRQmwZJ0auvjjZIXwZEe",6,"expired",87,"DsVBtb1VV3RS"
105,"DSVuO5cxXhE6","2020-05-28 16:46:59","certbot-3.bar.local","2020-05-27 16:46:53","djGYkYtHUa4eqpeWJmmZOU6DpEaFzbWH",6,"expired",87,"DsVBtb1VV3RS"
106,"TihcyVJeIUaj","2020-05-28 16:46:59","certbot-4.bar.local","2020-05-27 16:46:53","2QhK3XaMTSd9E7EakTk73UGyzrI3UhY3",6,"expired",87,"DsVBtb1VV3RS"
107,"tPFu3OK54ZhW","2020-05-28 16:46:59","certbot-5.bar.local","2020-05-27 16:46:53","1p8PUbBs0hiJV3vVLlCFbg21QqhUykhk",6,"expired",87,"DsVBtb1VV3RS"
108,"6HVf4sTOpT5S","2020-05-28 16:46:59","certbot-6.bar.local","2020-05-27 16:46:53","tZrq2YpvQgfE2Db1Lh42Tk3THQvWbuZj",6,"expired",87,"DsVBtb1VV3RS"
109,"DjSBjjg7Wtj3","2020-05-28 16:46:59","certbot-7.bar.local","2020-05-27 16:46:53","WNMZCRYqZrKdfCQz1MQ5N6mfcGSRccNL",6,"expired",87,"DsVBtb1VV3RS"
110,"UOBkjQpcKROB","2020-05-28 16:46:59","certbot-8.bar.local","2020-05-27 16:46:53","BjMflUBjwlsQfqFlUbtZtuSgwjdZR29Z",6,"expired",87,"DsVBtb1VV3RS"
111,"OW1MxzxJQ3nc","2020-05-28 16:48:55","certbot-1.bar.local","2020-05-27 16:48:49","yjO9QeB54WX6wB2hGPxHPo8FVqcS8Vg8",6,"expired",88,"0IccnfVeEDeG"
112,"Wm57iykE8e1C","2020-05-28 16:48:55","certbot-2.bar.local","2020-05-27 16:48:49","WklIMhDw7fM6rEkgf5TkZekpbmglTRHH",6,"expired",88,"0IccnfVeEDeG"
113,"T0yaH9SFl0NA","2020-05-28 16:48:55","certbot-3.bar.local","2020-05-27 16:48:49","r8O3Zl8MdCyPkwItg6pxduc3mmu2EYnL",6,"expired",88,"0IccnfVeEDeG"
114,"kwd0aufYVD1r","2020-05-28 16:48:55","certbot-4.bar.local","2020-05-27 16:48:49","3FhJNMkptIk5Sh3o8heEkdq4Mv8ZNg2n",6,"expired",88,"0IccnfVeEDeG"
115,"Jq3U6JUNLAYC","2020-05-28 16:48:55","certbot-5.bar.local","2020-05-27 16:48:49","KzEUhcXRfOCw0Wt7Ym7HZVHYxUmHpQ1K",6,"expired",88,"0IccnfVeEDeG"
116,"UVZRlfD8VU5Q","2020-05-28 16:48:55","certbot-6.bar.local","2020-05-27 16:48:49","iPdqQQVVxEa8geAXWbq6M09i8RkHNEjF",6,"expired",88,"0IccnfVeEDeG"
117,"9qgDTjbE7uqo","2020-05-28 16:48:55","certbot-7.bar.local","2020-05-27 16:48:49","t1joavRfOPRxE2EmiYtWvw52Vc3p1RIL",6,"expired",88,"0IccnfVeEDeG"
118,"7Dpeh3GyEBZq","2020-05-28 16:48:55","certbot-8.bar.local","2020-05-27 16:48:49","t7N27JEOz1v77iJ2iilxNrRolSny0Zo9",6,"expired",88,"0IccnfVeEDeG"
119,"5uDOCNIrmw2A","2020-05-28 16:49:21","certbot-1.bar.local","2020-05-27 16:49:21","H6gUuTJ6HmS7pwrW8BkvxXvfWk6FwA1w",6,"expired",89,"kQuoBjyKrjLD"
120,"VALjIYGGf6CP","2020-05-28 16:49:22","certbot-2.bar.local","2020-05-27 16:49:21","BRut9h7sTyqPZvMMYWjmJNVea0kX7rM8",6,"expired",89,"kQuoBjyKrjLD"
121,"CS2vnBCYeCj9","2020-05-28 16:49:22","certbot-3.bar.local","2020-05-27 16:49:21","EuocLEZn8vT3AFP1HUjBfpCcogiwj6V9",6,"expired",89,"kQuoBjyKrjLD"
122,"3El4ZJJENUew","2020-05-28 16:49:22","certbot-4.bar.local","2020-05-27 16:49:21","Io7rABmDDkFgXDyBTpMoWX9ULcyLMxJj",6,"expired",89,"kQuoBjyKrjLD"
123,"Xutak694l5uE","2020-05-28 16:49:22","certbot-5.bar.local","2020-05-27 16:49:21","iTQ8CfufayuW1xZEiW5WANvUojY7r7rs",6,"expired",89,"kQuoBjyKrjLD"
124,"lYl9qKsTqoDC","2020-05-28 16:49:22","certbot-6.bar.local","2020-05-27 16:49:21","suc05pFvk2dBSSaWrc72BNy8P2KJ93lV",6,"expired",89,"kQuoBjyKrjLD"
125,"osn7WzdiJhWC","2020-05-28 16:49:22","certbot-7.bar.local","2020-05-27 16:49:21","XyAt4aqTZ6gDMtta3THAX95vQ4kKddOX",6,"expired",89,"kQuoBjyKrjLD"
126,"htuwsnh7lvLv","2020-05-28 16:49:22","certbot-8.bar.local","2020-05-27 16:49:21","MHJMRCYdTNxQb089HxUBWzmWIlqMkA8g",6,"expired",89,"kQuoBjyKrjLD"
127,"rvdgwraWVZI5","2020-05-28 16:49:34","certbot-1.bar.local","2020-05-27 16:49:28","WPyoeH6AgSfrFCHMs5wbELFoDwE3urHD",6,"expired",90,"O3yPnx73nfIH"
128,"4gsQdab75u5t","2020-05-28 16:49:34","certbot-2.bar.local","2020-05-27 16:49:28","uXE8OPh39J1fAVvfn0TkTvTDavxrErP7",6,"expired",90,"O3yPnx73nfIH"
129,"aaVG19He5d36","2020-05-28 16:49:34","certbot-3.bar.local","2020-05-27 16:49:28","pB3v8XNkvlwfdJkTRG1tZkrDw8ve98ZB",6,"expired",90,"O3yPnx73nfIH"
130,"4Us6X5su9UIl","2020-05-28 16:49:34","certbot-4.bar.local","2020-05-27 16:49:28","nP5jCHLL7Uw1lVkvxYU96DFPC9i8df7B",6,"expired",90,"O3yPnx73nfIH"
131,"5lEqAe9YcEpG","2020-05-28 16:49:34","certbot-5.bar.local","2020-05-27 16:49:28","7cZtm9Ova2qQz669yevzt4Af7fumfaCe",6,"expired",90,"O3yPnx73nfIH"
132,"vtaGyrjEZELq","2020-05-28 16:49:34","certbot-6.bar.local","2020-05-27 16:49:28","l6eD7Yw86MUr5VUDWgUS1KiSB76OX8tH",6,"expired",90,"O3yPnx73nfIH"
133,"kGz5amFE93q6","2020-05-28 16:49:34","certbot-7.bar.local","2020-05-27 16:49:28","e0GA5WJHeXGuuQs56DQlqrnLEwU2ik6X",6,"expired",90,"O3yPnx73nfIH"
134,"ZNDhTRi23KdU","2020-05-28 16:49:34","certbot-8.bar.local","2020-05-27 16:49:28","fgMNGayrmQWxABXSU8xmvH2eLNlO46Pk",6,"expired",90,"O3yPnx73nfIH"
135,"nhWCgDSHAdAS","2020-05-28 16:52:21","certbot-1.bar.local","2020-05-27 16:52:16","qS1uK1GeaJIRmPm7kYgnQ1IvVuO5WUQd",6,"expired",91,"LDU1Gy7RlgKr"
136,"qVcV1Um8LelG","2020-05-28 16:52:21","certbot-2.bar.local","2020-05-27 16:52:16","c9NO221J4s9vvVsVkuEBtxBeEte1aZgp",6,"expired",91,"LDU1Gy7RlgKr"
137,"aIGcJg8HVPSa","2020-05-28 16:52:22","certbot-3.bar.local","2020-05-27 16:52:16","obMo7VTuarnchwKUwl1ZuGGAWvtxUcdC",6,"expired",91,"LDU1Gy7RlgKr"
138,"P3LjCmL7p0wf","2020-05-28 16:52:22","certbot-4.bar.local","2020-05-27 16:52:16","afpazOXTeTypmoIaaK7fd43uzef0qdOe",6,"expired",91,"LDU1Gy7RlgKr"
139,"1YHVNkwYrLVn","2020-05-28 16:52:22","certbot-5.bar.local","2020-05-27 16:52:16","k99kIqQyowZTjjGlo8YbuNEE7xl1MVx2",6,"expired",91,"LDU1Gy7RlgKr"
140,"QsnQLy0yUBOl","2020-05-28 16:52:22","certbot-6.bar.local","2020-05-27 16:52:16","dxMlInQfisdvy5zJ8wdJDPe17AZDfOmW",6,"expired",91,"LDU1Gy7RlgKr"
141,"x5H8WI1jETWz","2020-05-28 16:52:22","certbot-7.bar.local","2020-05-27 16:52:16","MTBlILAgzEtHQ00pMPuB8ccyS10RuUJ8",6,"expired",91,"LDU1Gy7RlgKr"
142,"HZgeg8KOStjT","2020-05-28 16:52:22","certbot-8.bar.local","2020-05-27 16:52:16","9C9bc0Z0cTwqfBmX9DWK7zzqTeWEyBd1",6,"expired",91,"LDU1Gy7RlgKr"
143,"tvNbjBUUQRvQ","2020-05-28 16:54:22","certbot-1.bar.local","2020-05-27 16:54:17","VtNKm5Mem5A5AIUg8ZR8AxLNRPbBdrqB",6,"expired",92,"MCGVfuutfngp"
144,"c5Hg8sFxapIS","2020-05-28 16:54:22","certbot-2.bar.local","2020-05-27 16:54:17","IfMqdgyu7uv6D38NLcwBbslgJWamoXGO",6,"expired",92,"MCGVfuutfngp"
145,"UZH9Bm6TMzSp","2020-05-28 16:54:22","certbot-3.bar.local","2020-05-27 16:54:17","Boqee0h76QCwozhQWGGfLWUc3IBA1qu0",6,"expired",92,"MCGVfuutfngp"
146,"tJgHQq4xys0k","2020-05-28 16:54:22","certbot-4.bar.local","2020-05-27 16:54:17","T8duVRQT328gm91gH3tXVfX6p8L2HcsX",6,"expired",92,"MCGVfuutfngp"
147,"i1PySazDhL54","2020-05-28 16:54:22","certbot-5.bar.local","2020-05-27 16:54:17","klDCKtT4vPesCrSrzaVHjLKKStvEjwkX",6,"expired",92,"MCGVfuutfngp"
148,"5Ilpt1Mkocpr","2020-05-28 16:54:22","certbot-6.bar.local","2020-05-27 16:54:17","llwUh8PxQcRUd2YyH3EtD50h4zT8YkuE",6,"expired",92,"MCGVfuutfngp"
149,"RFS0BY3j49gx","2020-05-28 16:54:22","certbot-7.bar.local","2020-05-27 16:54:17","WPnnEvZjwaQ7U6Xvwdhh8FqZs6hVIShu",6,"expired",92,"MCGVfuutfngp"
150,"MTMYK5sgI03o","2020-05-28 16:54:22","certbot-8.bar.local","2020-05-27 16:54:17","H7PURiHyGS3wrPBlFoQqa9cJp5dW3s5m",6,"expired",92,"MCGVfuutfngp"
151,"2MXa0igZzbQa","2020-05-28 18:14:20","foo1.bar.local","2020-05-27 18:14:20","X2AVE98wdo4oEpdcN7uZ2eKU4CFWLMYU",6,"expired",93,"MR5gQ2IMDHHa"
152,"ordu2RggywG2","2020-05-28 18:15:51","foo1.bar.local","2020-05-27 18:15:51","a2QOpysQ4KSVpW1nONwKSCYpiCfoLt1Y",6,"expired",94,"GmPQvDxXToeE"
153,"1yUZ0KC8FchE","2020-05-28 18:16:13","foo1.bar.local","2020-05-27 18:16:13","ZzTJi8TX5FV1UjyHMA2m1L4zXFbeKMfX",6,"expired",95,"MSvzf9ZM3XPn"
154,"rSJRgQOsrmul","2020-05-28 18:16:13","foo2.bar.local","2020-05-27 18:16:13","DZO8PCxasiZtE7ydeLMOYerDxImWtuc4",6,"expired",95,"MSvzf9ZM3XPn"
155,"YCZbsE89czC8","2020-05-28 18:17:43","foo1.bar.local","2020-05-27 18:17:43","e7xgwvLhTrefkvhzfcOnEWXYJ9JU98ts",6,"expired",96,"ER6D1mCOdSDL"
156,"YlvYY74XoBcn","2020-05-28 18:17:43","foo2.bar.local","2020-05-27 18:17:43","OoEQibXtRAc6oLmxtA8DHnOPoSiGfBQh",6,"expired",96,"ER6D1mCOdSDL"
157,"Sy93CnsdJAhG","2020-05-28 18:50:22","foo1.bar.local","2020-05-27 18:50:21","F0IIzHfhxS5ilda0C2LIWZloTJ9sGpD7",6,"expired",97,"FRj68eyVdRwz"
158,"B0mxkefX5oba","2020-05-28 18:50:22","foo2.bar.local","2020-05-27 18:50:21","gxq9RcMi8zWVCoKQJCzJdnJw5IW2FNge",6,"expired",97,"FRj68eyVdRwz"
159,"PMh19BFwRGvI","2020-05-28 18:51:07","foo1.bar.local","2020-05-27 18:51:07","CP03PXSb9JP8LtuAA0jtlaHoJWIfaRy2",6,"expired",98,"EbpLr6iFpx7c"
160,"Je99PiiT9faW","2020-05-28 18:51:07","foo2.bar.local","2020-05-27 18:51:07","CwqG5zcLdkCa9wXaP8DhqAEECyT5SMos",6,"expired",98,"EbpLr6iFpx7c"
161,"abEaXEI0IWwk","2020-05-28 18:56:10","certbot-1.bar.local","2020-05-27 18:53:51","tre9hFAp6JfCf3OnluF0AjGFC9LNCuzR",6,"expired",99,"UaFWlZD8sj77"
162,"hser8nEZfDHv","2020-05-28 18:56:10","certbot-2.bar.local","2020-05-27 18:53:51","X2nziCWcswPnaygSdQ8cG6jg42n5mg3O",6,"expired",99,"UaFWlZD8sj77"
163,"Bmm8VNvgKlBl","2020-05-28 20:12:31","foo1.bar.local","2020-05-27 20:12:31","HeQoBbOtqMY31aPTcwPtFXo3mnac5A5V",6,"expired",100,"OCIIJO5Qb9xF"
164,"mClgG9JRXJpe","2020-05-28 20:13:21","foo1.bar.local","2020-05-27 20:13:21","vNosnHoDFx8MjgqyQ3RHZd29nGl8VWKj",6,"expired",101,"ycn385J2XFht"
165,"t3DFftVaOmNE","2020-05-28 20:13:21","foo2.bar.local","2020-05-27 20:13:21","tGIPPY5YNCPjB5ESK0R8a8UrjCRpcoKQ",6,"expired",101,"ycn385J2XFht"
166,"vQIKwOt9MpDs","2020-05-28 20:21:41","foo1.bar.local","2020-05-27 20:21:41","D0AosHQ5cQmFc0bchsNlPWywVcCwimLe",6,"expired",102,"i288JpK30Dr7"
167,"2xAzLhEkFih3","2020-05-28 20:21:41","foo2.bar.local","2020-05-27 20:21:41","JXGkJFPwyOaHfHCrzRUx8C4VLVcKOrVm",6,"expired",102,"i288JpK30Dr7"
168,"mKQfBqb35RBo","2020-05-28 20:22:56","foo1.bar.local","2020-05-27 20:22:56","aDh0Dsljaz66vUz3nH7g2jaK9pCBwwK5",6,"expired",103,"FX0s9pHLdOJu"
169,"z8PuT4ErpoaJ","2020-05-28 20:22:56","foo2.bar.local","2020-05-27 20:22:56","Ex7ayX3mrM2H4x5ACTJcoSgHd8im3SZE",6,"expired",103,"FX0s9pHLdOJu"
172,"D7tzA97VpKCb","2020-05-28 20:26:10","foo1.bar.local","2020-05-27 20:26:10","e1s7cOirIkjZYzik8CkPayUIEIrZOPSg",6,"expired",105,"ReEMiWBpzrg1"
173,"J9Lj97ACH9W1","2020-05-28 20:26:10","foo2.bar.local","2020-05-27 20:26:10","Kb2FD1wXWXSt728tPohp1zbE87eR1eAn",6,"expired",105,"ReEMiWBpzrg1"
174,"zIQNF22ycKEm","2020-05-28 20:30:47","foo1.bar.local","2020-05-27 20:30:47","cAxEN3RpesJIWo3Vvf5LPZM7Bqo67Pzz",6,"expired",106,"9ddIpDX5R3vD"
175,"y5Q5EdtuVouI","2020-05-28 20:30:48","foo2.bar.local","2020-05-27 20:30:47","agRsLBt4IMg57H2XA89DskChaNoc7FWj",6,"expired",106,"9ddIpDX5R3vD"
176,"lOwsKnlTNisA","2020-05-28 20:32:12","foo1.bar.local","2020-05-27 20:32:12","0XSyKegwMAIVhMwOmMkAEnljXXRWDPb9",6,"expired",107,"0VhCTmQK1708"
177,"uOstEu1XFiVy","2020-05-28 20:32:12","foo2.bar.local","2020-05-27 20:32:12","i7REDY4zKmUJgA8rGJFK24KnNqOno0dW",6,"expired",107,"0VhCTmQK1708"
178,"ueAU8DlBOkWU","2020-05-28 20:34:05","certbot-1.bar.local","2020-05-27 20:34:01","CZQNYTu7DThAbYehoBCeVf8WZGVncjZF",6,"expired",108,"xMYC2Z5tfA0P"
179,"zsOyyI0LtIPU","2020-05-28 20:34:05","certbot-2.bar.local","2020-05-27 20:34:01","ZPxm3VXeqfQgaoca6SVLTWfnqB1U8e1f",6,"expired",108,"xMYC2Z5tfA0P"
180,"aQcjuibjEzeR","2020-05-28 20:36:53","certbot-1.bar.local","2020-05-27 20:36:49","le7LkSlW7i199HJZLapU9CoXZhti1tch",6,"expired",109,"2VHg30HM8By6"
181,"QrdiN9ErvRKl","2020-05-28 20:36:53","certbot-2.bar.local","2020-05-27 20:36:49","NSrI55Aas5f1Gz6HxGqvtfUHMfO7g2q6",6,"expired",109,"2VHg30HM8By6"
182,"O3YUDdnsEpfZ","2020-05-28 20:37:40","certbot-1.bar.local","2020-05-27 20:37:36","ymPwvwKIifDw4kpONIljBlbPPY29LByP",6,"expired",110,"mvb1iL93UGsM"
183,"qFt1pWiKQWjO","2020-05-28 20:37:40","certbot-2.bar.local","2020-05-27 20:37:36","dlGzSXuX2RNZTlSlMFDTrym8fd8mRirk",6,"expired",110,"mvb1iL93UGsM"
184,"c0qfKmTSn9Er","2020-05-28 20:38:01","foo1.bar.local","2020-05-27 20:38:01","9P7kGHEjDu2PNPJ3G7aECiLfIQoZS1um",6,"expired",111,"WC2K44QvdNcV"
185,"R3R637KYyyeG","2020-05-28 20:43:27","foo1.bar.local","2020-05-27 20:43:27","8VV2TKOJ0ACcXn1QbYu5PP4qBptifT58",6,"expired",112,"cDyOheoJLbCs"
186,"oINDauOEUkrQ","2020-05-28 20:44:25","foo1.bar.local","2020-05-27 20:44:25","c9YHpaTDSBZ16BThHM97eSVA3xfsHv7z",6,"expired",113,"5Es3uNjRXyRc"
187,"unJGTQqGTfJc","2020-05-28 20:45:04","foo1.bar.local","2020-05-27 20:45:04","cp8rChDMhamoVi6Ic3USmJZxi60ILsJK",6,"expired",114,"0kGxloeGRUWe"
188,"aa5CNG4v9PYf","2020-05-28 20:45:04","foo2.bar.local","2020-05-27 20:45:04","h0AHos5nfTbUYLj2YFY3NLpbiDqTxbGK",6,"expired",114,"0kGxloeGRUWe"
189,"CZNj1BiIA6ma","2020-05-28 20:46:02","foo1.bar.local","2020-05-27 20:46:01","MMRepNvkYYL6ArQkcb7R9wcGqdWTWpUN",6,"expired",115,"ObBu4oqPLGiC"
190,"hxRchg88sCi6","2020-05-28 20:46:02","foo2.bar.local","2020-05-27 20:46:01","Aw7BZcqcNzZnz0AYvVuhdxd1qEG0bpao",6,"expired",115,"ObBu4oqPLGiC"
191,"uHdIyzlwGYyK","2020-05-28 20:48:37","foo1.bar.local","2020-05-27 20:48:36","Btj6G4XVeQZYdt15091FCME3RwVNa0Ak",6,"expired",116,"zzrSeN00RFPW"
192,"MjRYQmrO477J","2020-05-28 20:48:37","foo2.bar.local","2020-05-27 20:48:36","0H4SaNlwRJotdDUAcSiyhhSouRj3TcM2",6,"expired",116,"zzrSeN00RFPW"
193,"DVeuJy6hjTht","2020-05-28 20:53:08","foo1.bar.local","2020-05-27 20:53:08","cA9kjXVk6cxAZlAaxnpaHo5WIuIoSwwj",6,"expired",117,"TtF925GJAj4v"
194,"VQlYnO1VjI7O","2020-05-28 20:53:08","foo2.bar.local","2020-05-27 20:53:08","5W0JsUZSOdmbA2fSkAXr9lZFQp8qEyeJ",6,"expired",117,"TtF925GJAj4v"
195,"ZAh8WeEA1rrO","2020-05-28 20:55:23","foo1.bar.local","2020-05-27 20:55:23","5Sz9LoEWAmWY26w3ed5TwPPeUefHieI2",6,"expired",118,"G9mlL8VoHcsw"
196,"YnFUXmlguzer","2020-05-28 20:55:23","foo2.bar.local","2020-05-27 20:55:23","6KxFtL0RN9XOObO5ONiCTWeJNDBC85MM",6,"expired",118,"G9mlL8VoHcsw"
197,"eFrZgzJY84Mm","2020-05-28 20:57:26","foo1.bar.local","2020-05-27 20:57:25","dlx9P1scoN2n2jW7714VgkCovnKqfYPU",6,"expired",119,"cQRhwOA5zbl2"
198,"L4HZ3mlw0JBQ","2020-05-28 20:57:26","foo2.bar.local","2020-05-27 20:57:25","Fi6y4cDsQ4yGdBmdObeiikpfkGCWFS7w",6,"expired",119,"cQRhwOA5zbl2"
199,"3jog4uJj9zLi","2020-05-28 20:57:53","foo1.bar.local","2020-05-27 20:57:53","R0XmrlhsxLqpp0sMuZZCsXwrSTHlXu8F",6,"expired",120,"clSjnoithTUI"
200,"4IRwMCBkOs3M","2020-05-28 20:57:54","foo2.bar.local","2020-05-27 20:57:53","Sl5WKWPFMv3k5sKvna757AQuhG0ACBxg",6,"expired",120,"clSjnoithTUI"
201,"CQYe4e6Unq6j","2020-05-28 20:59:08","foo1.bar.local","2020-05-27 20:59:08","XOeoQnCOItRxqwKxLhrotvDrJ4wv2jpt",6,"expired",121,"eziYxXNCoy0o"
202,"yA89rOfUyDjc","2020-05-28 20:59:08","foo2.bar.local","2020-05-27 20:59:08","FknIdfm1Dv0CInM544OPtHPIMa2GCy39",6,"expired",121,"eziYxXNCoy0o"
203,"rGX9tXEJ0HVS","2020-05-28 21:01:20","foo1.bar.local","2020-05-27 21:01:20","zsGj3l82ZPqT6VSfit8go0jRcQwo8sAO",6,"expired",122,"i1aH9udhbXsN"
204,"Ahe4kgC5Kssg","2020-05-28 21:01:21","foo2.bar.local","2020-05-27 21:01:20","hDAPlQ6CVH6Eu5t0dTFmTQ5bLO0xMwF0",6,"expired",122,"i1aH9udhbXsN"
205,"qE8maizvD0EM","2020-05-28 21:02:23","foo1.bar.local","2020-05-27 21:02:23","JOUwpKnWLbr7PaSybIqdoYNNjYciNa5f",6,"expired",123,"HiAo6ltEV9Od"
206,"z8MCQU9hJuZv","2020-05-28 21:02:23","foo2.bar.local","2020-05-27 21:02:23","OmKlEMbfi4MOj6sxU0TWNhsuK8X0An1Q",6,"expired",123,"HiAo6ltEV9Od"
207,"T0fW5eZQZrsi","2020-05-28 21:04:52","certbot-1.bar.local","2020-05-27 21:04:49","QPtj3ZMsvLAcANHP0eX1LIylQETnf1zp",6,"expired",124,"JPW0FZ7gW3AA"
208,"aeQmJdsYUSAm","2020-05-28 21:04:52","certbot-2.bar.local","2020-05-27 21:04:49","uozj9ZwQbVgv4vf7MuVHz7B85cOklKcZ",6,"expired",124,"JPW0FZ7gW3AA"
209,"ChU8GXuWrHPS","2020-05-28 21:04:58","foo1.bar.local","2020-05-27 21:04:58","o77i8Ig0wnNCPxSpXkk4j5SwC4lKqFSb",6,"expired",125,"04vDwAFyQ2ie"
210,"0vPNbrgxfxCe","2020-05-28 21:04:58","foo2.bar.local","2020-05-27 21:04:58","2JFAhyUX67O84H5Ij6b8QKbTy1UzHFmu",6,"expired",125,"04vDwAFyQ2ie"
211,"Q4ud5gblDosd","2020-05-28 21:15:56","foo1.bar.local","2020-05-27 21:15:55","AMcCvTQoz8r3Gk6oQMHwuGvt5yXZSSqY",6,"expired",126,"TzsE5potuJdQ"
212,"tK5VGACPbnq8","2020-05-28 21:15:56","foo2.bar.local","2020-05-27 21:15:55","3IsCTfu5LJs6NxuNJgMwWnVQUb9s3pmd",6,"expired",126,"TzsE5potuJdQ"
213,"QR45m2cCjERr","2020-05-28 21:30:58","foo1.bar.local","2020-05-27 21:30:58","XdtQ5b0zoVbcPlocec9URoa1xPhWyEGl",6,"expired",127,"UCH9FPycPBJX"
214,"iIFOmZv1xTOv","2020-05-28 21:30:59","foo2.bar.local","2020-05-27 21:30:58","k1eTXT1jOMQCRsCSHS0iq3HwBh582iZ0",6,"expired",127,"UCH9FPycPBJX"
215,"1S9VMedHFD5G","2020-05-28 21:32:53","foo1.bar.local","2020-05-27 21:32:53","DugJ2LgwW8d336C6IUzzYn0pEjzPB6B7",6,"expired",128,"ARbx9b925qvx"
216,"z7Lh7HdAcbJ2","2020-05-28 21:32:54","foo2.bar.local","2020-05-27 21:32:53","RffEntGeJOFPU8b39TgJZMbbi0hpxWch",6,"expired",128,"ARbx9b925qvx"
217,"frFosl5OripJ","2020-05-28 21:36:31","foo1.bar.local","2020-05-27 21:36:31","fUMaeNGHyYg67cqSlhQj5GBTEdvvS6NE",6,"expired",129,"6VKQVNxVhZSs"
218,"h4FLD4clZGgf","2020-05-28 21:36:31","foo2.bar.local","2020-05-27 21:36:31","SaIuS5VIfx3zGj5VAfgDbhWQNeWdsFi0",6,"expired",129,"6VKQVNxVhZSs"
219,"EcGozhrwbUnJ","2020-05-28 21:38:13","foo1.bar.local","2020-05-27 21:38:13","POWAzw0FwAuz646JvBPMeMx40gGLuhn6",6,"expired",130,"YMotl0AHcBze"
220,"kvJ8K9JlzOj3","2020-05-28 21:38:14","foo2.bar.local","2020-05-27 21:38:13","obebe6YH0EPyY9ta8AK4KWQidTssCdCK",6,"expired",130,"YMotl0AHcBze"
221,"0YrHCwWUhHcy","2020-05-28 21:41:40","foo1.bar.local","2020-05-27 21:41:39","bIJub3Sx8gunDkSHaNaHI2smJ5Ux5FkP",6,"expired",131,"H5CdZTqRho0m"
222,"l4VhE9etX8mq","2020-05-28 21:41:40","foo2.bar.local","2020-05-27 21:41:39","DcKJaa2gDqdW4PrkK30lOKEQULpZ3XNL",6,"expired",131,"H5CdZTqRho0m"
223,"MCddCkMafdAS","2020-05-28 21:46:48","foo1.bar.local","2020-05-27 21:46:48","ubupxRgsDHzprF0KebcFqvtlfMEpaGqR",6,"expired",132,"ZUUJiLhLXwk4"
224,"U7tPrGm6nBJT","2020-05-28 21:46:49","foo2.bar.local","2020-05-27 21:46:48","CVnGQkxMnluC1V6a75UUwFU1wmp2sQw7",6,"expired",132,"ZUUJiLhLXwk4"
225,"OC1Xm5UkzF4R","2020-05-28 21:47:44","foo1.bar.local","2020-05-27 21:47:44","yUY3rCUYC8QQGMnHT0BjqPRqLEMTeosA",6,"expired",133,"qpID25KWijsc"
226,"3BeyVOz7l2pz","2020-05-28 21:47:45","foo2.bar.local","2020-05-27 21:47:44","zwMxoB83JAOVVAyX1fLOPHTRXAJZ4wRt",6,"expired",133,"qpID25KWijsc"
227,"EUQnHoPbW4yN","2020-05-28 21:49:16","foo1.bar.local","2020-05-27 21:49:16","nMSOrkIlricWMp4ZIyFaWlOavIaX67G7",6,"expired",134,"2ecc24sOww8n"
228,"UwOBVcJ0eKNT","2020-05-28 21:49:16","foo2.bar.local","2020-05-27 21:49:16","b4I9R47D42fIPQyZgtMMPTwUuvqJkVvP",6,"expired",134,"2ecc24sOww8n"
229,"fp71JoVnkt2u","2020-05-28 21:49:46","certbot-1.bar.local","2020-05-27 21:49:42","svYgwhxFE1CktdwL0Qm08S99NOvlNr3t",6,"expired",135,"BTrlJQLlO9NS"
230,"joDKHn1JLlpQ","2020-05-28 21:49:46","certbot-2.bar.local","2020-05-27 21:49:42","XCBrpW9q3JBGiTm67QfClNZtOeeL6nbG",6,"expired",135,"BTrlJQLlO9NS"
231,"P2Z7brFS4vEv","2020-05-29 03:31:49","foo1.bar.local","2020-05-28 03:31:48","Fdi0hLOJgMzoYlcvAv4HxzIuTsxGD160",6,"expired",136,"Fjdcb7e4BBF3"
232,"3dDli9byxQzW","2020-05-29 03:31:49","foo2.bar.local","2020-05-28 03:31:48","FAUScegNoAqEUIXhdwwOJZufl0aECSh7",6,"expired",136,"Fjdcb7e4BBF3"
233,"P9uZCTPxTqWe","2020-05-29 03:52:48","foo1.bar.local","2020-05-28 03:52:48","8zrysUmrUanvzi84l3bYTSQRTTIVEHoK",6,"expired",137,"jHwNvavbCshi"
234,"jLXYuFs4J4Qw","2020-05-29 03:52:49","foo2.bar.local","2020-05-28 03:52:48","ZOKBvai6XKMQDWbqfO8DkUwhATNOGRvY",6,"expired",137,"jHwNvavbCshi"
235,"wf4ZaSxGkHBR","2020-05-29 03:53:44","foo1.bar.local","2020-05-28 03:53:44","9KXRvMfi0OQitgYXpNPh1KX0uPEuWBIx",6,"expired",138,"951BDo5ZW9xP"
236,"i6kBzyaRmvWH","2020-05-29 03:53:44","foo2.bar.local","2020-05-28 03:53:44","a1gQbMFctK7NrgCxWRl5LdhgeIP6mk4Z",6,"expired",138,"951BDo5ZW9xP"
237,"G8VSnjYlZEqI","2020-05-29 04:07:53","foo1.bar.local","2020-05-28 04:07:53","5tqSGtQKo5FEK2xZ8RUMvkj3DAlS4NxP",6,"expired",139,"z4qfO033Vdqq"
238,"lcN4xcgrMyx6","2020-05-29 04:07:53","foo2.bar.local","2020-05-28 04:07:53","ZlFOrkVa1eqM0ixDs8vSGPRE5i6HSROH",6,"expired",139,"z4qfO033Vdqq"
239,"MKANscyAmwgu","2020-05-29 04:08:47","foo1.bar.local","2020-05-28 04:08:47","gQ3Kp5R0rvAEf4y6uzb9OWl0ZpYZfaeB",6,"expired",140,"zDSOf5mq9xvm"
240,"QvuFx9FKqHo4","2020-05-29 04:08:47","foo2.bar.local","2020-05-28 04:08:47","aKs0563myBYVOiOKtWTqRLz0BmwoFwSP",6,"expired",140,"zDSOf5mq9xvm"
243,"IKMLaGdm2R7z","2020-05-29 04:11:16","foo1.bar.local","2020-05-28 04:11:15","2TA9rMpO19fOX8ygHWFtQCzIYnn4Xf7S",6,"expired",142,"x3RQpeMwGtsa"
244,"bYFoyOFEf7mT","2020-05-29 04:11:16","foo2.bar.local","2020-05-28 04:11:15","NWlEdJJAb49wG7L0Ypc3Kxw8rEVU6Z4y",6,"expired",142,"x3RQpeMwGtsa"
245,"SRFG86K2cyCq","2020-05-29 04:15:09","foo1.bar.local","2020-05-28 04:15:08","Ekt6wuVDHPsV5lkSuiqqHLktdgNmf2cJ",6,"expired",143,"AugU5iwkV6kN"
246,"dSXJlp5j92cE","2020-05-29 04:15:09","foo2.bar.local","2020-05-28 04:15:08","uz8HCnc8HJI3R2Yq2ToRYhyGRBC17uEy",6,"expired",143,"AugU5iwkV6kN"
247,"1VAk7D9wVeHJ","2020-05-29 04:18:21","foo1.bar.local","2020-05-28 04:18:21","yRecQiUs0HtRuGbRN1ph1c7KBo3TS7Dp",6,"expired",144,"8RiQL0RC2zVb"
248,"j3DFGpizTrHA","2020-05-29 04:18:22","foo2.bar.local","2020-05-28 04:18:21","tZqBcAEyCXUCVj9XpoNCFtYXpqbMNU1V",6,"expired",144,"8RiQL0RC2zVb"
249,"G2FyhYImYZtB","2020-05-29 04:18:22","foo3.bar.local","2020-05-28 04:18:21","UXrUPdMwa38mw1WNXCDjrHC73RGoG4Pm",6,"expired",144,"8RiQL0RC2zVb"
250,"uv20TVGJxRYa","2020-05-29 04:18:22","foo4.bar.local","2020-05-28 04:18:21","Z3MA4JGZYcwGP8YgrqQxsT4JPiVhMLW8",6,"expired",144,"8RiQL0RC2zVb"
251,"exzuaWze359n","2020-05-29 04:18:23","foo5.bar.local","2020-05-28 04:18:21","H31ud7RjsmMU8xnAbCoAJFUoaHdphpiu",6,"expired",144,"8RiQL0RC2zVb"
252,"K9zixuFUcLLI","2020-05-29 04:19:43","foo1.bar.local","2020-05-28 04:19:43","mBPh7s2k6d5RsEjTfIblx36HJhGTYaWS",6,"expired",145,"UMQeWctVZXrc"
253,"sNkrlUYDSy22","2020-05-29 04:19:43","foo2.bar.local","2020-05-28 04:19:43","iP9cc1U6HCO26IiviYxtlnppx9NOENOM",6,"expired",145,"UMQeWctVZXrc"
254,"uF5iAbN1LT5O","2020-05-29 04:19:44","foo3.bar.local","2020-05-28 04:19:43","pR7tDvA31dK53egYfIPnxiujJeXVWNxG",6,"expired",145,"UMQeWctVZXrc"
255,"6Vemk3JDtWbj","2020-05-29 04:19:44","foo4.bar.local","2020-05-28 04:19:43","uj0641ExgNNAf1ZKl6mLw3WkbT0OH85s",6,"expired",145,"UMQeWctVZXrc"
256,"hrRWSzMgaFZR","2020-05-29 04:19:44","foo5.bar.local","2020-05-28 04:19:43","Dk000Nva2PeLu8SHlWcpw0zQ0iwoDDNw",6,"expired",145,"UMQeWctVZXrc"
257,"Vefrv1OPaw7I","2020-05-29 04:23:02","foo1.bar.local","2020-05-28 04:23:02","zHqUH2rH0u5ZYA63fHY7vjHezWXAhjsD",6,"expired",146,"xEz0R8JNzgAz"
258,"KpUKigr1Wq6G","2020-05-29 04:23:02","foo2.bar.local","2020-05-28 04:23:02","ocFQX0KCQZf5nL8MDvldcpubcVNGYJOx",6,"expired",146,"xEz0R8JNzgAz"
259,"kKoce14tWjAw","2020-05-29 04:23:03","foo3.bar.local","2020-05-28 04:23:02","Moj1c1FuKuNqU68ENhiND1ZFQjN9PYli",6,"expired",146,"xEz0R8JNzgAz"
260,"q4DxLXLSom86","2020-05-29 04:25:58","foo1.bar.local","2020-05-28 04:25:58","CBKFbxy9LdLNIue9L957XXL3vSLtLsfy",6,"expired",147,"AU3PyZgGeuYr"
261,"S5DuYcyX8DHk","2020-05-29 04:25:58","foo2.bar.local","2020-05-28 04:25:58","uSCc4FqfDnnTSb7sovrPNGOIfHUOHcFO",6,"expired",147,"AU3PyZgGeuYr"
262,"ezIiNeoeRix4","2020-05-29 04:25:58","foo3.bar.local","2020-05-28 04:25:58","NR72crra4ibEvHf6iZQ4iyPDKt6OETm4",6,"expired",147,"AU3PyZgGeuYr"
263,"j1EfoJXGHF8j","2020-05-29 04:26:59","foo1.bar.local","2020-05-28 04:26:59","vXmDgHHLcB6FGS7capCemu153F4bjBh1",6,"expired",148,"MxQrFunoLYAE"
264,"ECuAk4BxYa5A","2020-05-29 04:27:00","foo2.bar.local","2020-05-28 04:26:59","fKDH2ynJaGJYudbnlHk6FX3pW92BqvlV",6,"expired",148,"MxQrFunoLYAE"
265,"YoFtcHoxEclO","2020-05-29 04:27:00","foo3.bar.local","2020-05-28 04:26:59","qTqWljD4BKx8GrlkKN6Az5hrrxb21yIY",6,"expired",148,"MxQrFunoLYAE"
266,"5jVl5x738des","2020-05-29 04:36:21","foo1.bar.local","2020-05-28 04:36:21","CptKcs81cvGxhV6KrRRNRCKHsyYYCysi",6,"expired",149,"df5eZeMNPbcQ"
267,"iUQVa5LMCpPY","2020-05-29 04:36:22","foo2.bar.local","2020-05-28 04:36:21","mrXQ6c1eaOxqfsPr4ErOqcQ3vSULiVN3",6,"expired",149,"df5eZeMNPbcQ"
268,"i53gYj8rLb5x","2020-05-29 04:36:22","foo3.bar.local","2020-05-28 04:36:21","EGtJIpT4DCrmqgCFXtMi423wXUjRWahR",6,"expired",149,"df5eZeMNPbcQ"
269,"FG2vSTQ42K3n","2020-05-29 04:43:53","foo1.bar.local","2020-05-28 04:43:53","UtF4EddJbe2i1VXOj8D9JKmpWuP8yNv3",6,"expired",150,"im4VX69hoG3X"
270,"uimrwy0RIfgh","2020-05-29 04:46:25","foo1.bar.local","2020-05-28 04:46:25","B3YKgJXzXwRgZ2kmkpq9sJAQSAnmEjO9",6,"expired",151,"FFWIIGVWzHfH"
271,"TsXgPWH4vaLs","2020-05-29 04:49:10","foo1.bar.local","2020-05-28 04:49:10","WD7WOk7qZyxcquabBGDVulGMXZRm1HNO",6,"expired",152,"pAENW9hq6fjV"
272,"kWvrbD8Iclxg","2020-05-29 04:51:38","foo1.bar.local","2020-05-28 04:51:38","u4UGlpvQDfDqxu27cZCteFBEzjrBktia",6,"expired",153,"T3Lg2paRKxnc"
273,"yFxoeaOsRnaP","2020-05-29 04:58:07","foo1.bar.local","2020-05-28 04:58:07","O3dWKUxbCt1K3YYylSxoMspPeqkK61Mr",6,"expired",154,"A8MPISVGfNQX"
274,"YZYN4KwTk2Op","2020-05-29 04:59:33","certbot-1.bar.local","2020-05-28 04:59:19","sr45piaCJzqVWnzUQRYZI5B2rHci1EuV",6,"expired",155,"Wm0h7XgkXWZ9"
275,"fO4zIWOzxrvt","2020-05-29 04:59:33","certbot-2.bar.local","2020-05-28 04:59:19","px8x8NPnikjkCIJqZ9UcqjgiTpVe1g92",6,"expired",155,"Wm0h7XgkXWZ9"
276,"m2TdMjywzRPz","2020-05-29 05:01:53","certbot-1.bar.local","2020-05-28 05:01:31","BPtaAarRredhY1QOEnYz0HCif87Fol3G",6,"expired",156,"8KDHyTnEdBI6"
277,"Am3UPaCC1HVW","2020-05-29 05:01:53","certbot-2.bar.local","2020-05-28 05:01:31","BYCZDxikq068wtCgSzDAkpaxNiyDShNX",6,"expired",156,"8KDHyTnEdBI6"
278,"9OmHIy4pv5hX","2020-05-29 05:04:42","certbot-1.bar.local","2020-05-28 05:04:23","LTyjhHUC75p2IpFXDAzLygacZ6GcOYtO",6,"expired",157,"cIUxOpF2KsUd"
279,"mNiSKeKQnCuX","2020-05-29 05:05:36","certbot-1.bar.local","2020-05-28 05:05:17","W8KTzjY0rBwC7cUzXtddmdtwcoYWMyeG",6,"expired",158,"aSTHjOjpfA8R"
280,"tIt9ITh1d1ol","2020-05-29 05:09:01","certbot-1.bar.local","2020-05-28 05:08:39","a6D8cyOclbOMfOnhGZnIji8Del7vUE2x",6,"expired",159,"hcidnL6w7tfU"
281,"fCZF8PnlrNqc","2020-05-29 05:10:07","certbot-1.bar.local","2020-05-28 05:10:01","Ji89jwaXv0SlT0LXnQi4wSqOAObHObo2",6,"expired",160,"F6ENAaejZQGl"
282,"ckSpjSGYRezJ","2020-05-29 05:10:16","foo1.bar.local","2020-05-28 05:10:16","Y3CaFDhEe0b9NluDqyKvDkrvWldgO7UO",6,"expired",161,"rrPaJvPW7Val"
283,"EqvcBe60uE0c","2020-05-29 05:16:27","certbot-1.bar.local","2020-05-28 05:16:15","7use7R6e1jyJyVlQbUwhf1nvsld1J8s5",6,"expired",162,"7x4Cx0f93L4g"
284,"XUtsjMbtdmtd","2020-05-29 05:17:11","foo1.bar.local","2020-05-28 05:17:11","nrZ9Q4JklxT50DBqxfEZxgJZb6c1BvCX",6,"expired",163,"i7ee47AODccI"
285,"IlDnBIBNfUHq","2020-05-29 05:18:10","certbot-1.bar.local","2020-05-28 05:17:51","rdoXZDju7BKbFEHITu70pNXFppb9PrB8",6,"expired",164,"Wf0Az2Wqc1Bp"
286,"VFCbjcZPw7y2","2020-05-29 18:01:55","certbot-1.bar.local","2020-05-28 05:25:49","aGu4421RXqYqHJmAEmA55EsYnHKGxxZf",6,"expired",165,"9yFVahJfP0jH"
287,"5XWJVzgHJQkI","2020-05-29 05:26:24","foo1.bar.local","2020-05-28 05:26:24","Wdlb4i7cT1yEze27s7pq9i7fSxYR1CPA",6,"expired",166,"qKjjzwht87ng"
288,"f8fhxdgMDYT3","2020-05-29 18:02:44","foo1.bar.local","2020-05-28 18:02:44","r7IDuTr5L100N1YTKHVSVU4qyaBYbVRq",6,"expired",167,"05FNuBzoLLgu"
289,"CtGBNe4XqDWQ","2020-05-29 18:04:42","certbot-1.bar.local","2020-05-28 18:03:09","ZiOL01XtTgAyc9ZsmR5bj7873457s0tl",6,"expired",168,"eK9aDkJ4wjUX"
290,"xCMalzLtTb8F","2020-05-29 18:06:04","certbot-1.bar.local","2020-05-28 18:06:01","JH9PAxokP726s5uzNClvOlxDiyYdy5HF",6,"expired",169,"HovMLrP12vrx"
291,"JVxkVQBggCmF","2020-05-29 18:06:14","foo1.bar.local","2020-05-28 18:06:14","cwTjidlCMvXizVrZp9WHnVp73UZ9UWmI",6,"expired",170,"RFimkBMTFmHj"
292,"Y8pfRXlTAkvd","2020-05-29 18:07:07","foo1.bar.local","2020-05-28 18:07:07","bPpYFeDTBvk9c2poSb4MBExtIxz2fK3Q",6,"expired",171,"jSSp5Z6viLDI"
293,"0EijbqdWbiwW","2020-05-29 18:08:08","certbot-1.bar.local","2020-05-28 18:07:24","CY5vnGlKcFFPUAGOYt6V5WdGUDGdrfIZ",6,"expired",172,"plIh3E1RmTA8"
294,"DlPeFI1lHF1q","2020-05-29 18:08:41","certbot-1.bar.local","2020-05-28 18:08:38","Er8F70yD9y4Go4tv7VzEpHZ26WjkjN44",6,"expired",173,"hrMiKhyEVHXW"
295,"C4GFnVPOUP3n","2020-05-29 18:09:07","certbot-1.bar.local","2020-05-28 18:09:06","govG8tcXKH1CP1yAlg1Ptm7X0Z6D0fZg",6,"expired",174,"qekjBus9gzxR"
296,"UboOhREameEe","2020-05-29 18:10:31","certbot-1.bar.local","2020-05-28 18:10:31","SMsZctb3CG2WFYjecEd4XbOuu4eZhMyi",6,"expired",175,"nIeXc8IBkUa0"
297,"EyGxtFW3R5nM","2020-05-29 18:14:54","certbot-1.bar.local","2020-05-28 18:14:35","7QitltG7W2wgYaa92oAohxvqUkqeydlm",6,"expired",176,"5zs30hvwJx1s"
298,"rfDaunrAOz9f","2020-05-29 18:16:51","certbot-1.bar.local","2020-05-28 18:15:18","p3FHGdL9bN06m8uBE5Giit0aLorTUYRW",6,"expired",177,"OW8kcdgyOXej"
299,"mSfEyvr1I0Vo","2020-05-29 18:55:32","foo1.bar.local","2020-05-28 18:55:32","kFnVBJ2R6ULUSHnhRrOfDU8UpaVeOT6o",6,"expired",178,"6Ndu3BAnAqFt"
300,"xhonJFpW3p9o","2020-05-29 18:55:32","foo2.bar.local","2020-05-28 18:55:32","Zm29KFbRALw2j4PlBmOaJU6tK2YhTd5u",6,"expired",178,"6Ndu3BAnAqFt"
301,"hWq9Ihb6x6uk","2020-05-29 18:55:32","foo3.bar.local","2020-05-28 18:55:32","14EfCPEf59wXpmdH8mO3Gcu4grHaVucN",6,"expired",178,"6Ndu3BAnAqFt"
302,"O7tSAuDrzMPB","2020-05-29 18:56:58","certbot-1.bar.local","2020-05-28 18:56:55","sxQYPXGog7nt88wXJ9ZTv3Gf1iCPoU1F",6,"expired",179,"2fTfCcIK9mso"
303,"o84llMPLNIfb","2020-05-29 18:56:58","certbot-2.bar.local","2020-05-28 18:56:55","amN7zIib1EtBXDRyBrRCK14msomUs2Qc",6,"expired",179,"2fTfCcIK9mso"
304,"SwukG5ClXZy8","2020-05-29 18:56:58","certbot-3.bar.local","2020-05-28 18:56:55","UQe3wsGkFz818Cg67d4ugTmgrPX25BGN",6,"expired",179,"2fTfCcIK9mso"
305,"bFFYphNEo9Ue","2020-05-29 18:59:02","foo1.bar.local","2020-05-28 18:59:01","RhTd4TzKfRZhw1TDjNRQXz1qdnZJ9wvp",6,"expired",180,"geO0SgdeTTq1"
306,"TDbYV08qEZXD","2020-05-29 18:59:48","foo1.bar.local","2020-05-28 18:59:48","AlsBN7Kx2WFfCHTtb75uvHWcxCTSnIQL",6,"expired",181,"OD509k7xw2Dl"
307,"DyopUCezR43t","2020-05-29 19:01:35","foo1.bar.local","2020-05-28 19:01:34","oRxrf2UJIb1aW7rzyMzVd8JmZB256BT4",6,"expired",182,"ZOYhfbku24SG"
308,"FPkoEWZeEQ7t","2020-05-29 19:02:02","foo1.bar.local","2020-05-28 19:02:01","TPmQq7ZDLqS0XBXU3qmSVsfTKzdkqg3E",6,"expired",183,"M9NZLSXHIgWG"
309,"Ls8YKVhcSPzr","2020-05-29 19:04:34","foo1.bar.local","2020-05-28 19:04:34","wy6TffZeyT1CcY1I2NOBPUt8Q9cm9NlX",6,"expired",184,"Ul5XBCyqh3Uh"
310,"epkglS4i17gC","2020-05-29 19:06:32","foo1.bar.local","2020-05-28 19:06:32","bRZZhDFZ5J3HLRuJoFftkLoOpj61jb3D",6,"expired",185,"qajyX62oWD1S"
311,"qGxFYDYdxhm7","2020-05-29 19:09:18","foo1.bar.local","2020-05-28 19:09:18","4wRciVHvfdKvoRfQF5qYq3dJnHtBIqLi",6,"expired",186,"YUhZblOm2FG6"
312,"SXf4JKga4tmH","2020-05-29 19:11:07","foo1.bar.local","2020-05-28 19:11:06","j59FgWXCFqkV86XnSOCPo5DDFNRH7z4m",6,"expired",187,"qrRoeDvBFZwM"
313,"77vypViAVGZp","2020-05-29 19:12:27","foo1.bar.local","2020-05-28 19:12:26","uMEFlXUTg9KOrhNzbaQXvut3yJajzwWb",6,"expired",188,"8zXTUNPUhQhO"
314,"g7AnI3gGQUjq","2020-05-29 19:12:55","foo1.bar.local","2020-05-28 19:12:54","4uqMBXhUi5lqirhmL6kimKnLu41Ldew2",6,"expired",189,"uskwpuiBcVro"
315,"ypkZRrFS6cAl","2020-05-29 19:13:53","foo1.bar.local","2020-05-28 19:13:52","xK1B8pGvS6WK4fUtTbdELTkpQO3X5QUg",6,"expired",190,"7OYd36qamIfe"
316,"r2CNWMRyX3n8","2020-05-30 02:14:46","foo1.bar.local","2020-05-29 02:14:46","0gqs7N6KdqCc8zVmNbGSmlm0UOVG8peO",6,"expired",191,"WuUZHwTGkN0V"
317,"ovsFFKpmtkuh","2020-05-30 02:15:43","foo1.bar.local","2020-05-29 02:15:42","rWkT9YyTbULlb5pa0LUzqV7dMCOdLv6i",6,"expired",192,"CqefLFuP4SoX"
318,"TwjLhzEU5B0M","2020-05-30 02:16:48","certbot-1.bar.local","2020-05-29 02:16:19","GJ2Bp5084mrC82T1ptkXNT2cmwm5KV02",6,"expired",193,"bSOLOvtwf4KZ"
319,"Mvdn2yYFiMjU","2020-05-30 02:16:48","certbot-2.bar.local","2020-05-29 02:16:19","7TmDDBtwWrQ2mvXmHiygVbW21GEun5H7",6,"expired",193,"bSOLOvtwf4KZ"
320,"jEo0pxg1eSTP","2020-05-30 02:16:48","certbot-3.bar.local","2020-05-29 02:16:19","HNJQNtTOA7xtlUVKtXuVPyvA4BUR0SLs",6,"expired",193,"bSOLOvtwf4KZ"
321,"nCz3zNmfZCkD","2020-05-31 09:33:42","certbot-1.bar.local","2020-05-30 09:33:38","t9WvYp2dzehhdvqqEuRW7pxGIIE1le9H",6,"expired",194,"Pn1fMLDAXKAJ"
322,"PbiFvXjVln5x","2020-05-31 09:33:42","certbot-2.bar.local","2020-05-30 09:33:38","bGVewrCNmmAAuKtFnMK1JgaZbw6af8Vb",6,"expired",194,"Pn1fMLDAXKAJ"
323,"R6zbExEEJCWA","2020-05-31 09:34:26","certbot-1.bar.local","2020-05-30 09:34:22","S9k1oN06ODVIDAMvr7j20nzH7YPEykhx",6,"expired",195,"iRoAOo4n5g96"
324,"r5BqkfQn8KpR","2020-05-31 09:34:26","certbot-2.bar.local","2020-05-30 09:34:22","G2OFgjeDgp6DpM7iEEpy2nTKXV7L2KKm",6,"expired",195,"iRoAOo4n5g96"
325,"hNyqXXTP2JX8","2020-05-31 09:38:39","certbot-1.bar.local","2020-05-30 09:38:36","d4eIHBqv7hDDTyT09LE41gi5GD5VN36S",6,"expired",196,"2SKQ4Y2Y3K2g"
326,"Ju5pqLWPcXhW","2020-05-31 09:38:40","certbot-2.bar.local","2020-05-30 09:38:36","ZclSMQFH3kjmkco0bel3bVUimYwOzBTE",6,"expired",196,"2SKQ4Y2Y3K2g"
327,"XZNggo9S4xnW","2020-05-31 09:39:51","certbot-1.bar.local","2020-05-30 09:39:47","59jwvg7GuMwAIf11kTB1VtwjZxeCjKw7",6,"expired",197,"onwqAn71mxoa"
328,"9gWTViZgadUj","2020-05-31 09:39:51","certbot-2.bar.local","2020-05-30 09:39:47","4YM1zsUXHafUR1Se7FMnZDEf91L5CSMR",6,"expired",197,"onwqAn71mxoa"
329,"hB0cAIqwpB7b","2020-05-31 09:41:40","certbot-1.bar.local","2020-05-30 09:41:36","NsqYnOoFdSVD8ku2DP2vjzF5PfCgeDfZ",6,"expired",198,"HDXkfXYgyrTf"
330,"Aa7fqe5NszAS","2020-05-31 09:41:40","certbot-2.bar.local","2020-05-30 09:41:36","nMMvNQwR6RCZVFf9k4sVu9sljeTxLDE1",6,"expired",198,"HDXkfXYgyrTf"
331,"KdVjAyk7LQNF","2020-05-31 09:42:01","certbot-1.bar.local","2020-05-30 09:41:57","LVAdmQ8Fe41mAbew0wPGq8I5Tw6qp0yZ",6,"expired",199,"6gsoWNMIon2v"
332,"a9lAXp7y0jQv","2020-05-31 09:42:01","certbot-2.bar.local","2020-05-30 09:41:57","rOwS2Vk5KvZHNGjrv4pvfol1pBqMCGJJ",6,"expired",199,"6gsoWNMIon2v"
333,"gXmpxEN0zxH5","2020-05-31 09:42:35","certbot-1.bar.local","2020-05-30 09:42:32","mIrUCp1MVUk5uRrXomxmtaZFB9rhlaV5",6,"expired",200,"3DAGp8gigaoH"
334,"Uqm6nouPNWo9","2020-05-31 09:42:35","certbot-2.bar.local","2020-05-30 09:42:32","RI1se6gjpJy2aaZAf740N6LR9yv9iTaU",6,"expired",200,"3DAGp8gigaoH"
335,"iGrcOXuOIov1","2020-05-31 09:43:26","certbot-1.bar.local","2020-05-30 09:43:23","DHMPaFgzQFGT0NMO4cZ1F2WIi617gplc",6,"expired",201,"ubL1HHPidxwf"
336,"j0mt97liZIKz","2020-05-31 09:43:26","certbot-2.bar.local","2020-05-30 09:43:23","2wXMzWMaLxM1bFa2OgFVIIfSEkGTDAO7",6,"expired",201,"ubL1HHPidxwf"
337,"ycZIyWnfZXbF","2020-05-31 09:44:07","certbot-1.bar.local","2020-05-30 09:44:03","4UY7vV7GPBcAT1MqX3BZ30n06V3HxlNY",6,"expired",202,"UlKFFGybU0DB"
338,"81Nd2mA0bFcK","2020-05-31 09:44:07","certbot-2.bar.local","2020-05-30 09:44:03","PhYrSW4pqfvEr642uwSGSi84d26Cmd1w",6,"expired",202,"UlKFFGybU0DB"
339,"WZTMwKZ4KK17","2020-05-31 09:48:09","certbot-1.bar.local","2020-05-30 09:48:05","VzuKdE1TBDi09rTw3MzJEXmNLajWtkgG",6,"expired",203,"8XBxnqhmIxqm"
340,"EgLgce281J0u","2020-05-31 09:48:09","certbot-2.bar.local","2020-05-30 09:48:05","udcvZZIz4HfspJfJx4x61vOEOh1wx2Bt",6,"expired",203,"8XBxnqhmIxqm"
341,"LRSTLCSO8isK","2020-05-31 09:49:02","certbot-1.bar.local","2020-05-30 09:48:58","k9Wg7UnRjlrgoblFfPOalqytK3bsYPUw",6,"expired",204,"zjsQsh186QyI"
342,"ieRDdXGwBfvS","2020-05-31 09:49:02","certbot-2.bar.local","2020-05-30 09:48:58","cZoAgaq70lWVLIQIF6rNPivJw6pN09U7",6,"expired",204,"zjsQsh186QyI"
343,"XnIqYODzB8VV","2020-05-31 09:49:42","certbot-1.bar.local","2020-05-30 09:49:38","zMAwSi7w8SWpamNMX2xvdhYKzL19P9y0",6,"expired",205,"b4NGsfdi98b8"
344,"HsgpyNfQ10nu","2020-05-31 09:49:42","certbot-2.bar.local","2020-05-30 09:49:38","NiIq9MKIKqgaLW719bVMHIheTFQHFKrO",6,"expired",205,"b4NGsfdi98b8"
345,"klzKp5qwpgPB","2020-05-31 09:50:26","certbot-1.bar.local","2020-05-30 09:50:22","FwLBLqVDQ77ijC0ZQv73XDPMk7A5fSjF",6,"expired",206,"ho9QAulPVXVx"
346,"b9weXnW059Zg","2020-05-31 09:50:26","certbot-2.bar.local","2020-05-30 09:50:22","UYO9x34qgXxFIdz7aVJb4yoCXX0hR6ZO",6,"expired",206,"ho9QAulPVXVx"
347,"Q8bRSmPFeeqb","2020-05-31 09:50:38","*.foo.bar","2020-05-30 09:50:22","0GW5yseObw0XKK59oGrn3OB5ope98KdF",6,"expired",206,"ho9QAulPVXVx"
348,"gxFTmqJbIJ7R","2020-05-31 09:51:08","certbot-1.bar.local","2020-05-30 09:51:04","WQL5RyANVTLvN5NJtj50rLt8Rftgchuv",6,"expired",207,"lfzIfm1igKEL"
349,"W3J8NLINBORP","2020-05-31 09:51:08","certbot-2.bar.local","2020-05-30 09:51:04","sdaOEeT9u0aQcm75VLxkfAWG7XrObhkr",6,"expired",207,"lfzIfm1igKEL"
350,"h0IUpfM0qS2t","2020-05-31 09:51:18","*.foo.bar","2020-05-30 09:51:04","6Ra0kp0RKeLmbnAqDls2fBFJFdiFTzlF",6,"expired",207,"lfzIfm1igKEL"
351,"wdTGnvAolx0i","2020-05-31 09:51:43","certbot-1.bar.local","2020-05-30 09:51:40","rjH73qjmOBXN6mN0CRhxADcdvYZZbQqP",6,"expired",208,"cyvHzKlSrJxq"
352,"x4m0z7XJHN6Y","2020-05-31 09:51:44","certbot-2.bar.local","2020-05-30 09:51:40","ncqMSN9SgsiJcpb0frDJLnQm0Ffozh6O",6,"expired",208,"cyvHzKlSrJxq"
353,"WfkGqDNYbjHF","2020-05-31 09:51:44","*.foo.bar","2020-05-30 09:51:40","vQ42rELSpVGUrKwgNVVpfknVjVJJHv24",6,"expired",208,"cyvHzKlSrJxq"
354,"dSwZQ6L6AiIj","2020-05-31 09:54:34","certbot-1.bar.local","2020-05-30 09:54:30","BdJ1BZVROcWVnqt6DgiGNOnKrpxAgfMI",6,"expired",209,"2Ojcq7P1YjQ7"
355,"PYqzYBrQFv5E","2020-05-31 09:54:34","certbot-2.bar.local","2020-05-30 09:54:30","ByRt40zCYhxpJsxAILcPaPwlpLdYJmEt",6,"expired",209,"2Ojcq7P1YjQ7"
356,"nE1heGJplQxZ","2020-05-31 09:54:34","*.foo.bar","2020-05-30 09:54:30","IKasoCGAMUVdHLy25kWHLMQyJPHFuEBk",6,"expired",209,"2Ojcq7P1YjQ7"
357,"gY4HGX4Bl4Pc","2020-05-31 09:54:53","certbot-1.bar.local","2020-05-30 09:54:49","6AW959fVgcFVxmjltPMznawqSIwXwpDk",6,"expired",210,"I5tp1vSJb7Bf"
358,"kZap5R5ZbzGc","2020-05-31 09:54:53","certbot-2.bar.local","2020-05-30 09:54:49","mXmiBwAvBYFrkTkNcdFcfC5PuwEfNv1D",6,"expired",210,"I5tp1vSJb7Bf"
359,"TlM21JuxTkLI","2020-05-31 09:54:53","cb.foo.bar","2020-05-30 09:54:49","BRQB4LdySgiaIP4ojozqq43Bw9aPVFwx",6,"expired",210,"I5tp1vSJb7Bf"
360,"MC49KsMumRgB","2020-05-31 09:55:37","certbot-1.bar.local","2020-05-30 09:55:33","fffdWPz7cklv2t7tBIXzM6wGts0ctGx4",6,"expired",211,"gUxnBVIWSvpi"
361,"PvIVNlxkL0CW","2020-05-31 09:55:37","certbot-2.bar.local","2020-05-30 09:55:33","6DJdC7YdZskWqF67SzQZxoydlRZqj4Sk",6,"expired",211,"gUxnBVIWSvpi"
362,"BbPQzjN61vL2","2020-05-31 09:55:37","cb.foo1.bar","2020-05-30 09:55:33","BUBElohiKgsGkYPmb4UCG5RtSH6wNSCZ",6,"expired",211,"gUxnBVIWSvpi"
363,"95RBmTzY7BG0","2020-05-31 09:57:04","certbot-1.bar.local","2020-05-30 09:57:01","UrHBL3P3DGpOWR3bgS5S9nGECHLjFLln",6,"expired",212,"FAWCeDCzBcgD"
364,"3gipGaakzCxi","2020-05-31 09:57:05","certbot-2.bar.local","2020-05-30 09:57:01","tGgWwVYPG77sevNe1w09rADkKiqcsxRE",6,"expired",212,"FAWCeDCzBcgD"
365,"SnlXo5xFaApp","2020-05-31 09:57:05","cb.foo1.bar","2020-05-30 09:57:01","BPsVnWqRD5JpDfDgnMwuylUiWKdOqf7y",6,"expired",212,"FAWCeDCzBcgD"
366,"wJkRhaIulBqn","2020-05-31 09:57:44","certbot-1.bar.local","2020-05-30 09:57:40","g3iY1KRp0LjZqkrvQWDXY8BBdMJmtvwv",6,"expired",213,"zsv8xnE0k4LF"
367,"IVGZJCRGisnI","2020-05-31 09:57:44","certbot-2.bar.local","2020-05-30 09:57:40","8idn0sSgxBzTIH7t59DqIaW5oxKu2NGo",6,"expired",213,"zsv8xnE0k4LF"
368,"V9gbw545xH6Y","2020-05-31 09:57:44","cb.foo1.bar","2020-05-30 09:57:40","fuiAWYXy4Hh9Qac6pX8Lqxgx3SjqAsLP",6,"expired",213,"zsv8xnE0k4LF"
369,"Kbeim7bSmzId","2020-05-31 09:58:43","certbot-1.bar.local","2020-05-30 09:58:39","IWuF04A7ey7Q8OOw9n3sEzqpVTckHB2J",6,"expired",214,"IaBVNwT185R0"
370,"CtR3qLpJaSgH","2020-05-31 09:58:43","certbot-2.bar.local","2020-05-30 09:58:39","Q09MdTjJD8UzjLGPMZBkRQ3qp8UUN50W",6,"expired",214,"IaBVNwT185R0"
371,"BQ2Eny7r9NJX","2020-05-31 09:58:43","cb.foo1.bar","2020-05-30 09:58:39","HF03lqpsOvQ4BT6Y4kTx2sGMYjy23GXO",6,"expired",214,"IaBVNwT185R0"
372,"GhzYZBsaipqP","2020-05-31 10:10:49","certbot-1.bar.local","2020-05-30 10:10:46","uJKDEz3lmtTJ9jRcPIqmY6scPwiEUUJ8",6,"expired",215,"dgo84qT3hTxy"
373,"Cj9Na74sKEvE","2020-05-31 10:10:49","certbot-2.bar.local","2020-05-30 10:10:46","vRF0EgzLHXVvpmWMANbtUF8HyTffneZW",6,"expired",215,"dgo84qT3hTxy"
374,"dK7ahSiFMArh","2020-05-31 10:10:50","foo1.bar.local","2020-05-30 10:10:46","pWYXcBMeBtsOZhSVZvC45wX9DsS86aXC",6,"expired",215,"dgo84qT3hTxy"
375,"XmQTa6tmYEl6","2020-05-31 10:11:10","certbot-1.bar.local","2020-05-30 10:11:06","W9B5IQpV9zgaWnaguPZ3CN6MrwGnRi1d",6,"expired",216,"1QaQ6N3FUxN9"
376,"jrULFFpqFw9H","2020-05-31 10:11:10","certbot-2.bar.local","2020-05-30 10:11:06","87p9SufTQXitVdtgDXwIjozECWr7IIq8",6,"expired",216,"1QaQ6N3FUxN9"
377,"H2lBwUJ43aHZ","2020-05-31 10:11:10","foo1.bar.local","2020-05-30 10:11:06","64vO3Sf5IVF6uIMC2WRllXWlQ5qnrIfB",6,"expired",216,"1QaQ6N3FUxN9"
378,"dhLIQYQTCStw","2020-06-04 10:07:50","certbot-1.bar.local","2020-06-03 10:07:46","YbS5M2mW2efyAyyEVX962X6Wzm9cFZBW",6,"expired",217,"5rYU4RuRp9Vk"
379,"z7z1fzvxfnXk","2020-06-04 10:07:50","certbot-2.bar.local","2020-06-03 10:07:46","qhbTntqhCUThM6s81Ma0zinNbEcMELrX",6,"expired",217,"5rYU4RuRp9Vk"
380,"uG0aiIX9RmSH","2020-06-04 10:07:50","foo1.bar.local","2020-06-03 10:07:46","rYj6trEs1s1epFYZ4J4KxLVWAnQ2QYIm",6,"expired",217,"5rYU4RuRp9Vk"
381,"lsDTxu949QDo","2020-06-04 10:08:04","foo1.bar.local","2020-06-03 10:08:04","Qk6zkDM9VX66ZGKame2HRjf9FqW9ZlN4",6,"expired",218,"u6w2TVgs7cUf"
382,"TUel1xhRkKUO","2020-06-05 05:17:03","foo-lego.bar.local","2020-06-04 05:17:03","ZK7CGtfCRlSnKDm4zrN1bbyr23TeP21D",6,"expired",219,"K1J6e0bc0QDz"
383,"ziYU0nw9rlXR","2020-06-05 05:22:43","foo-lego.bar.local","2020-06-04 05:22:43","29wg3HkjorTrzTGPXNzNjA8RS8DTtQeB",6,"expired",220,"DBtVVnumecX9"
384,"N1ta4OYoFAUq","2020-06-05 05:25:12","lego-1.bar.local","2020-06-04 05:25:12","50B8R0qxpVBeBKRKMuDCUuVqWpKFbVrD",6,"expired",221,"X1Y2mQmHud3I"
385,"4JL7QVngi7Pc","2020-06-05 05:25:12","lego-2.bar.local","2020-06-04 05:25:12","APInUlAsEqST1k1ouhwOfOKPH16X5SHN",6,"expired",221,"X1Y2mQmHud3I"
386,"8f8HPP9DUzf1","2020-06-05 05:25:38","lego-1.bar.local","2020-06-04 05:25:38","Eb8x3HYEnqWu8qVoN2M61PjggWsIjI9p",6,"expired",222,"NJmgZcfLf6lH"
387,"ENF28COkU2Yl","2020-06-05 05:25:38","lego-2.bar.local","2020-06-04 05:25:38","9Ax4Eo0HtweOfjzFTq1iJS2D2oQq8C3W",6,"expired",222,"NJmgZcfLf6lH"
388,"j1XgkSkIO46z","2020-06-05 05:27:52","lego-1.bar.local","2020-06-04 05:27:52","IojWG3x2OmZK5JiIPxkPpK5UpUtcPjvl",6,"expired",223,"bCBjUz7SoErV"
389,"UE5EsBUQA4Cd","2020-06-05 05:28:53","lego-1.bar.local","2020-06-04 05:28:53","pELlEBA14OD9rPEnG2UhDWCs2l5TUzLl",6,"expired",224,"XpIxzUbJ2KF4"
390,"c9AIbPHa6cwi","2020-06-07 05:30:41","acme-1.nclm-samba.local","2020-06-06 05:30:40","ZLdgZVyWSdZHbXxX88YW0cNIGPFjHUGo",6,"expired",225,"PXxEI4tev32t"
391,"C6hkJ4JSDkbX","2020-06-07 05:32:49","acme-1.nclm-samba.local","2020-06-06 05:32:48","m8ImXNnSe2uRkyJRTgXmuNob2wIHYmld",6,"expired",226,"eSYhHu0fdAbv"
392,"3MoqSjWoIsiM","2020-06-07 05:37:08","acme-1.nclm-samba.local","2020-06-06 05:37:08","hbkFieTeBQ3Fh0xhesMuRkrRREiM9cIv",6,"expired",227,"iOSyodIavA6p"
393,"iuoNFyy3viFu","2020-06-07 05:37:37","acme-1.nclm-samba.local","2020-06-06 05:37:36","WkNH27SFEzzdV6X31JQe6z3ai2Ohtg0C",6,"expired",228,"ezFrCwezOqW8"
394,"ZCnaAGetplmi","2020-06-07 05:38:34","acme-1.nclm-samba.local","2020-06-06 05:38:33","eygvnO8r2QoMk9rF93JeCixWCm6UIZZi",6,"expired",229,"wvLsCgT8NK2E"
395,"RwGrdlTkmKl0","2020-06-07 05:43:20","acme-1.nclm-samba.local","2020-06-06 05:43:20","chPa7O0ZvRxz6vOXMShLnHigAevuKMAS",6,"expired",230,"NhWag4wr1qYS"
396,"KYChPlK34GTV","2020-06-07 05:44:20","acme-1.nclm-samba.local","2020-06-06 05:44:20","i9gzYE63sh4rdR3GzLE7PQRgbwujZedG",6,"expired",231,"5RZ8pZxxlqvl"
397,"5ZyiiTBH5uDx","2020-06-07 05:45:09","acme-1.nclm-samba.local","2020-06-06 05:45:08","M4fq5OEKuPdlMLbWjcf0pQJMx4AomsPt",6,"expired",232,"IhHc2mF5QvMK"
398,"7T5YMU8rLtDs","2020-06-07 05:46:39","acme-1.nclm-samba.local","2020-06-06 05:46:39","5XcdP0ZzX1zjNV0jlADySWME3RuygVig",6,"expired",233,"Nt9RmErpLvqs"
399,"Kd9BS6d8S0wf","2020-06-07 05:49:42","acme-1.nclm-samba.local","2020-06-06 05:49:41","EzxFsqSeKLsnPnkgnGKOfJ3mCcXzwBwY",6,"expired",234,"xBeOHPrBTW3C"
400,"9R8NGwXog9hz","2020-06-07 05:50:51","*.nclm-samba.local","2020-06-06 05:50:51","RbULdvORXTiuZL793ZOh9w8Lp88KLxuq",6,"expired",235,"dkhkS0fIhss3"
401,"EseAOqHJrqMf","2020-06-07 05:52:25","*.nclm-samba.local","2020-06-06 05:52:25","vSXgfI5HhxCdXTqC5oekiHDtPADoAya6",6,"expired",236,"7bnJmiYAvJfQ"
402,"t0EJb8GbPfiU","2020-06-07 05:58:09","*.nclm-samba.local","2020-06-06 05:58:09","eRtATjSri3QCnjMMU1bHKvXUnd9WgOGH",6,"expired",237,"i3Eps7hQkQEl"
403,"F4ToAqynuFrq","2020-06-07 06:04:58","*.nclm-samba.local","2020-06-06 06:04:58","JukDtQVdlHgS3HP5qp5WtysSa1G8Fmrx",6,"expired",238,"TuQEHHp6mWQl"
404,"dpH4cugs0lZf","2020-06-07 06:05:22","*.nclm-samba.local","2020-06-06 06:05:22","DjMQr7NFRFWUp9Q1U6ThRjr9pVXzahEm",6,"expired",239,"juebRfRSGslb"
405,"YPANgkdoDMfC","2020-06-07 06:05:50","*.nclm-samba.local","2020-06-06 06:05:49","JQoo12FN4LRoMAFSUkMFoZbh9IFGg7Vr",6,"expired",240,"4VtCjZaMoryD"
406,"dcAo3z9TZYTc","2020-06-07 06:06:23","*.nclm-samba.local","2020-06-06 06:06:23","qUMddxhziroBSql7Ulgpb7WUeGQGthFh",6,"expired",241,"16fY9V2E2egh"
407,"9jEjiPKZTFu9","2020-06-07 13:23:38","foo1.bar.local","2020-06-06 13:23:38","cY090Mm8PNRx4DDYUdgfKcd20Zqc3XqP",6,"expired",242,"HxtO42LdRvU5"
408,"YMQkpsK7aAu5","2020-06-08 07:00:54","foo1.bar.local","2020-06-07 07:00:54","P8maDuIAYPobdtsTUrd20HszkjycgzjP",6,"expired",243,"gt3WdLuNZonV"
409,"sgci9ZVKBFxA","2020-06-08 07:01:26","foo1.bar.local","2020-06-07 07:01:26","Y4FesBZ1kq9GnqkqRUM1jCZfEBVyVhND",6,"expired",244,"hbXBmNiPZ7Pk"
410,"lmuWBsqvl5IM","2020-06-08 07:01:51","foo1.bar.local","2020-06-07 07:01:51","oZsMvFBgMyxa3V3rhXexMzyurxvPW9bs",6,"expired",245,"NwSTRirEZF5Q"
411,"W7EWnSuk2hRB","2020-06-09 11:31:22","win-1.foo.bar","2020-06-08 11:31:22","HpdoYdUOmwyk2YvJzXhPgcRI7GlYeh43",6,"expired",246,"MuTf1mY2sWmY"
412,"OaMh4S5Yfzin","2020-06-09 11:33:25","win-1.foo.bar","2020-06-08 11:33:25","gvXpybUymhYqKWPAOywtlu8IGpdW110V",6,"expired",247,"0qmr7TGwwPuR"
413,"hI2OWKxwEuGr","2020-06-09 11:34:41","foo-2.bar.local","2020-06-08 11:34:41","4VZhMHE844eGyi5AJztF7eCwTkP0VKBm",6,"expired",248,"Ls88ibxq2Ohy"
414,"pefR1j7ycbGu","2020-06-09 15:50:38","acme-1.example.com","2020-06-08 15:50:37","3voC6VordBl4ZfMFOfNjUsPBsIZCcIMB",6,"expired",249,"S8TLQvuT4H5Z"
415,"tTxclhEXVEs7","2020-06-09 15:50:38","acme-2.example.com","2020-06-08 15:50:37","JlHF76NXUmKlO9zKkQMqL0h9Cq9laJGV",6,"expired",249,"S8TLQvuT4H5Z"
416,"AuDF170TWn3i","2020-06-10 18:12:21","foo1.bar.local","2020-06-09 18:12:21","jtnj7ypqUcY59RrTFZbPr5JPUAp0eZzo",6,"expired",250,"c4EyyJqU7q5e"
417,"Bv5NEI2GHbcm","2020-06-10 18:14:11","foo1.bar.local","2020-06-09 18:14:10","JyLM78pkz6kEr5jcsLS4vrhYVt2QtyU5",6,"expired",251,"VEyptcko5xRZ"
418,"8biwNShMYhyh","2020-06-10 18:44:22","MAqgCBYGMTIzNDU2","2020-06-09 18:44:22","cEBOLki8yaHc2hrHLYd5dCCcnuzAWZQf",6,"expired",252,"p9PwoVzKNZMg"
419,"mfXqN6G7x5BN","2020-06-10 18:45:51","MAqgCBYGMTIzNDU2","2020-06-09 18:45:51","Qz9a4saL8o2OESWMHmQElhqbWZX4xV2B",6,"expired",253,"8UjWHLTnuUfa"
422,"4Oqzblz1JiMc","2020-06-10 19:21:04","cert.stir.nclm-samba.local","2020-06-09 19:21:04","3n9mRvgTkViFldQ7chXS3tKqn12dv5Oa",6,"expired",256,"0bE0PvjLC48Y"
424,"yWwO6ilMMBq5","2020-06-10 19:23:00","MAqgCBYGMTIzNDU2","2020-06-09 19:23:00","rlZHrb3UwzvtfGYeAM1ai78d8qmdKN52",6,"expired",258,"SqsvOxOWBhIX"
425,"QjyvMy8ZLxzM","2020-06-10 19:23:20","cert.stir.nclm-samba.local","2020-06-09 19:23:20","hgE9zI4EwiRjSYa2iviiqoMJFDP2Vn84",6,"expired",259,"xX0P6aApxkR8"
426,"82S6pVA4sHUV","2020-06-10 19:43:36","MAqgCBYGMTIzNDU2","2020-06-09 19:43:36","nyzpFipCUoOMLIpSvn1BXlfPh9YEPU2t",6,"expired",260,"1AGa0c2vvPRK"
427,"uK77Y9bT3eBI","2020-06-10 19:44:06","cert.stir.nclm-samba.local","2020-06-09 19:44:06","t5NQX2hGsptSznRAbalJGoar18ifTcWM",6,"expired",261,"5nW0n7rDIxMd"
428,"sDGgQXNcTzJD","2020-06-10 19:44:18","MAqgCBYGMTIzNDU2","2020-06-09 19:44:17","mSNnIRypjqBnxPnGTbuXxiKn7ro3fu8x",6,"expired",262,"IN0AmOfsZBKo"
429,"sXDNP2M6yfcD","2020-06-10 19:45:45","d2hhdCBhIHNoaXQ=","2020-06-09 19:45:45","mPxFsI10arFyPHgPj0IdlG39WL1utrjp",6,"expired",263,"nPMSXL71XbG8"
430,"W8Rtxh8HUgiX","2020-06-10 19:50:20","d2hhdCBhIHNoaXQ=","2020-06-09 19:50:20","X1VlvvsTSaYPFW1aNgy9mExLisMeEn43",6,"expired",264,"QF4nJost3gPO"
431,"lyXqfiaf0AKo","2020-06-10 19:51:26","MAqgCBYGMTIzNDU2","2020-06-09 19:51:26","JfEXXlSEBu0RDyGyFyBloIv2PGa3KDic",6,"expired",265,"TKkxbrurT9D4"
432,"a21dxiHsctFC","2020-06-10 19:51:35","d2hhdCBhIHNoaXQ=","2020-06-09 19:51:35","yQWPNmcWBmD32Vuir2tLIT0tigdAhPbE",6,"expired",266,"VKAM7vA4JbTz"
433,"x2bktyd3xLxc","2020-06-10 19:53:09","MAqgCBYGMTIzNDU2","2020-06-09 19:53:04","pAkGRx1tjb9fUrdTwsFuGHoEc24VL2id",6,"expired",267,"xKJxa4PjSBi1"
434,"FG9uzly7hzOy","2020-06-10 19:53:21","cert.stir.nclm-samba.local","2020-06-09 19:53:20","PTz2bIZ50w7B4ANdERNijqEJpCncNL7z",6,"expired",268,"BA30ZVHnpiOT"
435,"j6Iz70Y4qn9T","2020-06-13 14:23:28","MAqgCBYGMTIzNDU2","2020-06-12 14:23:28","jrJGsLFnK0WpiVfHwU0pE4oYdGimtBQK",6,"expired",269,"l0eUZsuUxDv7"
436,"KR6lKMCE5uOq","2020-06-13 14:27:20","MAqgCBYGMTIzNDU2","2020-06-12 14:27:20","5fGXsRu9cZXFyQFBNOL1nIX0hT7iuHD4",6,"expired",270,"3FHsfEOThpLY"
437,"AKRbDC5IVlRj","2020-06-13 14:30:02","MAqgCBYGMTIzNDU2","2020-06-12 14:30:01","BpXfTsiUUM5dg4snwnRvVtiqQrIgTvM8",6,"expired",271,"1J13mr9Hj1Dv"
438,"wxkRSI0UgY57","2020-06-13 14:33:56","MAqgCBYGMTIzNDU2","2020-06-12 14:33:56","PJblR3PFQ5iANzgvBP1y1tumsZyQNyyp",6,"expired",272,"ZOUycl630g9h"
439,"MbGpJY1WXCr3","2020-06-13 14:41:45","MAqgCBYGMTIzNDU2","2020-06-12 14:41:44","9GVF0Q1ISr9YmQkBmAnO6IUDuXjfyXia",6,"expired",273,"4di8cNTJ04fT"
440,"iKW4QxUOPbYb","2020-06-13 14:46:13","MAqgCBYGMTIzNDU2","2020-06-12 14:46:12","Hw6jLuXLNIEeqyKSVahe5HEJQRqFPzxR",6,"expired",274,"ZF8cKzepgiFV"
441,"BA0egDdkatHj","2020-06-13 14:49:17","MAqgCBYGMTIzNDU2","2020-06-12 14:49:16","3dZjohKZEBo4UnSW37zSLuVTXH6L5J0Q",6,"expired",275,"BgJRbnprN2ha"
442,"lop5y4Wu0IP1","2020-06-13 14:52:40","MAqgCBYGMTIzNDU2","2020-06-12 14:52:40","P2bZNs4yXIm5pQB3plpq2EEWUN2N8KWk",6,"expired",276,"a1QUvCg4nGFw"
443,"JAJqJyV84aNg","2020-06-13 15:18:13","MAqgCBYGMTIzNDU2","2020-06-12 15:18:13","FFQK9q5cPzrRlBWLOatywOk8QSzmtqMP",6,"expired",277,"ctLAMcJeHHiL"
444,"NwEsDmPEav5N","2020-06-13 15:18:32","MAqgCBYGMTIzNDU2","2020-06-12 15:18:32","NWwN4okkpq9iVD1xr3OxTNhEOZDsH6ns",6,"expired",278,"PAZi13FSOa4W"
445,"FoBo5MophpGA","2020-06-13 15:19:55","MAqgCBYGMTIzNDU2","2020-06-12 15:19:55","QW5rliCj8QSERulEDzOXhBJf5qSYKvC4",6,"expired",279,"ewOGE33u8HKi"
446,"bEAOc5TMTnJZ","2020-06-13 15:20:33","MAqgCBYGMTIzNDU2","2020-06-12 15:20:33","sk7JBimnfLOzeH7AUq9tGhNZHnNFxVdD",6,"expired",280,"COamsf6SDRqc"
447,"NheIUgQX9By9","2020-06-13 15:22:14","MAqgCBYGMTIzNDU2","2020-06-12 15:22:13","l5rsJH6Pz0to07zTSWxptZd2WNAkPy6u",6,"expired",281,"aRPJ6aQO3WLU"
448,"Zm2TSffGNw4H","2020-06-13 15:23:44","MAqgCBYGMTIzNDU2","2020-06-12 15:23:44","6wQjXhoCukYHtBYFgfiqYJZZ5AaArefm",6,"expired",282,"YtZ9E2oYr1wq"
449,"KQo42jC0hgAa","2020-06-15 03:47:17","MAqgCBYGMTIzNDU2","2020-06-14 03:47:17","QGOf0PldV0vPSi5OabaEs8Y2Kt1PkgHo",6,"expired",283,"fOhw3g9NQWSC"
450,"gbmh2Rv7QKVs","2020-06-15 03:50:28","/root/.acme.sh/cert.stir.nclm-samba.local/cert.stir.nclm-samba.local.csr.conf","2020-06-14 03:50:28","P6d2NaQRTocFmLjYgqta2SFawZV4jV9l",6,"expired",284,"8vCCCdZKTjLL"
451,"veWdHQQbbw0C","2020-06-15 03:51:18","/root/.acme.sh/cert.stir.nclm-samba.local/cert.stir.nclm-samba.local.csr.conf","2020-06-14 03:51:18","jPYfXHPvjpWylgABz7XLXSfBG01erVUn",6,"expired",285,"yhPo4nVz8HCQ"
452,"2f8MGQBPKIcT","2020-06-15 03:51:33","MAqgCBYGMTIzNDU2","2020-06-14 03:51:33","wDVJpvheWu8QrSzo8w5aHQhh9KZWdM9p",6,"expired",286,"NphRS2YsYEe6"
453,"eG9McgPkncw8","2020-06-15 03:51:57","","2020-06-14 03:51:57","jxIx3ZhFabn7RbLJDLImG7R9tRlNUrva",6,"expired",287,"u8s4oLAjYKKv"
454,"G2vU29Os13RZ","2020-06-15 03:52:26","","2020-06-14 03:52:26","gNPBiJGez73VNFTa8MMNfuBw0taXfWgg",6,"expired",288,"FBwlBUGYAFBI"
455,"lW1SuVYZEbuA","2020-06-15 03:53:10","############################################## boooom ##########################################","2020-06-14 03:53:10","GnWMASqgl8QFBu9sYkr7yFTe4U5Z2y3x",6,"expired",289,"N88lRXofjgqW"
456,"Vrp5rD4X1APY","2020-06-15 04:00:22","","2020-06-14 04:00:22","VsQuIs7oofGLDgSi58p6FWvercxm9yS9",6,"expired",290,"u5bxmpX7Opyj"
457,"4bVmpRF3rsKB","2020-06-15 04:02:42","MAqgCBYGMTIzNDU2","2020-06-14 04:02:42","btW6QlEQcappNx2H2hH2h0JHqN6Faogn",6,"expired",291,"NYsdnUjRw5jr"
458,"v3wb9TEh7XaF","2020-06-15 04:03:18","MAqgCBYGMTIzNDU2","2020-06-14 04:03:18","VnK6SXDyvbuG8SzFT4CPXj74YhHQUqor",6,"expired",292,"fNdp73RJjB6X"
459,"XEPEfdww8rYn","2020-06-15 04:05:08","MAqgCBYGMTIzNDU2","2020-06-14 04:05:08","oHOJdumamhfsZMlYJvNbaRJMr0QHbQnN",6,"expired",293,"fgoxiOEd24Kn"
460,"uaWqzyKuqHiW","2020-06-15 04:06:09","MAqgCBYGMTIzNDU2","2020-06-14 04:06:09","Sf1PM4K0syi1oZtYnF97hnyMoA4davDD",6,"expired",294,"ChGYUTxKaUsm"
461,"8XhDqjcKhsgy","2020-06-15 04:06:44","MAqgCBYGMTIzNDU2","2020-06-14 04:06:44","gCSuXa27aPwhx5JCWHXgZ9dhpKUDAPhH",6,"expired",295,"7Avl6kttXcxQ"
462,"rCFzIs8gbfks","2020-06-15 04:24:02","MAqgCBYGMTIzNDU2","2020-06-14 04:24:02","u1o3oQgi3qiDjxMLubinv7fum1CQ7QuY",6,"expired",296,"wru8OP4KBE5l"
463,"vvxTdZ7yuGLS","2020-06-15 04:24:20","MAqgCBYGMTIzNDU2","2020-06-14 04:24:20","bFiCpCVLGeMMhYRJaE1jxJcwz5udh22k",6,"expired",297,"h1KrBMEddBV4"
464,"9n6GepYo2hEq","2020-06-15 12:04:12","MAqgCBYGMTIzNDU2","2020-06-14 12:04:11","ydus2bhdEkE9hyK4ZeKmDcJ8kdLUM3pR",6,"expired",298,"LQ9Ripx8sLqb"
465,"qTPMWZPlcQhN","2020-06-15 14:36:52","MAqgCBYGMTIzNDU2","2020-06-14 14:36:52","e8Z55npioRNZcXkJefCGvTLZdeMT3Zd3",6,"expired",299,"9byaGxqCdhyB"
466,"6kGef5inEssk","2020-06-15 14:37:15","MAqgCBYGMTIzNDU2","2020-06-14 14:37:15","E84RFxCSqTyZDg1s4rDLcs7YCCsvc2iz",6,"expired",300,"hWyggEUvQOHd"
467,"S01k2Eppo2rU","2020-06-15 14:47:30","MAqgCBYGMTIzNDU2","2020-06-14 14:47:30","CRJF2UtkstyfHHKc8d9NCo8xpGP6nOur",6,"expired",301,"GgTLuaKgLFn1"
468,"e7wAO662RZei","2020-06-15 14:48:12","MAqgCBYGMTIzNDU2","2020-06-14 14:48:12","vdVIQJP88XtuDgMPWgebMONcfpI85ICJ",6,"expired",302,"fzDb7TAFDgcF"
469,"UR4tKrEiY1oX","2020-06-15 14:48:28","MAqgCBYGMTIzNDU2","2020-06-14 14:48:28","KekbTeZGHPTQeFJ3vSPqshpOXLu23pMR",6,"expired",303,"kF5bd72oFBaS"
470,"dsFRv48Zvm0b","2020-06-15 14:49:25","MAqgCBYGMTIzNDU2","2020-06-14 14:49:25","5v3UNWtssxGrMWoLVcl9V0791E2myTYM",6,"expired",304,"4zIi5yvnJEIc"
471,"5W7dUCo73GqL","2020-06-15 15:36:16","MAqgCBYGMTIzNDU2","2020-06-14 15:36:16","E99fwktpE9VJG3uicg5bhsjw6BfIkUb9",6,"expired",305,"Vh7h475hc3qS"
472,"IYmbOkvcsGb5","2020-06-15 16:45:31","MAqgCBYGMTIzNDU2","2020-06-14 16:45:31","G1ETBuAz7tduRGbvj2UjNSPAThHWr4UV",6,"expired",306,"W5g0BJxmYMSb"
473,"JuxNdviIcd4Y","2020-06-15 16:48:26","MAqgCBYGMTIzNDU2","2020-06-14 16:48:26","5sBcSpZQGBtUQ6n4i39GA6kKJh2Pwvnj",6,"expired",307,"DseAMGWFEbmG"
474,"1fTIK8f5OTwy","2020-06-15 16:49:28","MAqgCBYGMTIzNDU2","2020-06-14 16:49:27","tPrgLQ5xki91RcSPxuC7g7p4gl8HFEVP",6,"expired",308,"diFKunq90gud"
475,"YLCEI7zgUuby","2020-06-15 16:50:05","MAqgCBYGMTIzNDU2","2020-06-14 16:50:04","KEHxsEcKretDoGQ82h5GKkiF3i6KyGi1",6,"expired",309,"PbgguEvidTh9"
476,"AN9tmFjfQZTN","2020-06-15 16:50:39","MAqgCBYGMTIzNDU2","2020-06-14 16:50:39","U0Us1wUkl3mS0OohVCO29MoEZYDe1KcM",6,"expired",310,"pV4bZGvSxhVZ"
477,"JzlrxuyBswz5","2020-06-15 16:51:15","MAqgCBYGMTIzNDU2","2020-06-14 16:51:15","qR8UrpWkCyxq588UQndOUUkEwQtiIsli",6,"expired",311,"WQJ1lQgo0d9u"
478,"LOIGL2GPsFAz","2020-06-15 17:03:55","MAqgCBYGMTIzNDU2","2020-06-14 17:03:55","MgIcVPdLOEIE5XeH0Rnt8U37u3KTsyhY",6,"expired",312,"u1QqGUGmHm2K"
479,"lN7qNMuHB2Ar","2020-06-15 17:04:50","MAqgCBYGMTIzNDU2","2020-06-14 17:04:49","7rdhhIDD54IhIObOqYJfTWRfUObXQFgZ",6,"expired",313,"RMh5IyBODSev"
480,"0WhXEtsIKSOz","2020-06-15 17:05:10","MAqgCBYGMTIzNDU2","2020-06-14 17:05:10","RVwJ7PYhmYGO3bJVg3zIjjwKPetCjdLE",6,"expired",314,"bA5Ils70YSDg"
481,"6gSS1kbxnP8m","2020-06-15 17:16:57","MAqgCBYGMTIzNDU2","2020-06-14 17:16:57","hmgU65g47RNVAxXIAazffbpyWxKsiObb",6,"expired",315,"eJQoorkBmhrE"
482,"tuuCw8xW2mDS","2020-06-15 17:27:41","MAqgCBYGMTIzNDU2","2020-06-14 17:27:41","ofGduIgIkvlRWer0DOeuvgxtXibsrCNX",6,"expired",316,"1WvVlpIFpITE"
483,"TIWJkuZogggk","2020-06-16 16:40:44","MAigBhYENjUyOQ==","2020-06-15 16:40:44","YAXLdERO4vqrcWAkLqp5qgJBxaIgC87W",6,"expired",317,"yrnl53v2qVDP"
484,"mLEEggqtoYmC","2020-06-16 16:43:35","MAigBhYENjUyOQ==","2020-06-15 16:43:35","OCUscsRCXAC2RjXi23Hgh45cA2BJc50H",6,"expired",318,"LaCTvftGZJ7G"
485,"clnpOtqF8sJW","2020-06-16 16:45:09","MAigBhYENjUyOQ==","2020-06-15 16:45:09","bfCCmlOMUwGP9Vi4m0k6PfDwrjbE0ntT",6,"expired",319,"NPVCnmkQxvrZ"
486,"UMm9CIKUsQku","2020-06-16 16:49:19","MAigBhYENjUyOQ==","2020-06-15 16:49:19","nc04z0ItYznF5j9P4gjUI6CZmOuC1p8d",6,"expired",320,"urqqPAU6gwDk"
487,"VcUmynM3FAMP","2020-06-19 12:51:42","example.com","2020-06-18 12:51:42","4GN172jdBd9lDmkpZhtvfTtX3UmT7OWY",6,"expired",321,"KDvvjGzDfNVl"
488,"T4f5VjSpF31v","2020-06-19 12:51:44","example.com","2020-06-18 12:51:44","SZUmcSIWsnNjGTuuwYvtpNjrCx5kjkDx",6,"expired",322,"yUPet2tK8s7I"
489,"31p3T91JJNjZ","2020-06-19 12:51:47","example.com","2020-06-18 12:51:47","zJCiFgtfEumkHXOhFpooa2CCcVvjaCcs",6,"expired",323,"JbjNxt6xrppP"
490,"DRHkJhUFq6s0","2020-06-19 12:51:48","example.com","2020-06-18 12:51:48","ipqrRGu23TUSefiX6M1HNu4i5SwM4wih",6,"expired",324,"Ak3wcsHlObxa"
491,"drrjaBAnxIuH","2020-06-19 12:51:51","example.com","2020-06-18 12:51:51","T7Jp9aL4JmK2nRMI6SJQcpiaXUYuewwR",6,"expired",325,"GFVRxECjlual"
492,"gYR0CR5ijoGv","2020-06-19 12:51:54","example.com","2020-06-18 12:51:53","l4iFJYOxem2VqEnpQTDaAKvUlpelCc6N",6,"expired",326,"kBXdy2FsspYo"
493,"9xl1W6EHTWWu","2020-06-19 12:51:56","example.com","2020-06-18 12:51:56","tW173GLBcq2tbeuKBViUnl5j5neRaubF",6,"expired",327,"WCVodB3kEOll"
494,"dQPlEZyvwjbw","2020-06-19 12:51:59","example.com","2020-06-18 12:51:59","dJXjf8iKNeKj8d1r63iZ4XTCq1klCzU0",6,"expired",328,"Qukq1FiHzicj"
495,"cLuGTqyhzJiM","2020-06-19 12:52:01","example.com","2020-06-18 12:52:01","wSoZAeGzIZuXLAocYqIInq4w9hLBy6ln",6,"expired",329,"c6vMmjiBnBYM"
496,"xrfMnt2tFlzt","2020-06-19 12:52:04","example.com","2020-06-18 12:52:04","3LfXjN3eZHYKuu3eALIAuqgNGkPIlkPy",6,"expired",330,"lK2YHy206iPS"
497,"wqaYKVJeSOHd","2020-06-19 12:52:07","example.com","2020-06-18 12:52:06","73mOUqWlbaK1HXgZecWho9fbrO6plse2",6,"expired",331,"YJzggqJdpjj4"
498,"VfpPAvsZBBSd","2020-06-19 12:52:09","example.com","2020-06-18 12:52:09","r3x4Hide5WBaTs6A8Troh1wOsNNyMumT",6,"expired",332,"ysUviGMC5qJ6"
499,"srnf7xjCO2RM","2020-06-19 12:52:12","example.com","2020-06-18 12:52:11","jIK0TPssbtdIZcSMsk2ZZeGzRNpHOvuJ",6,"expired",333,"BKUQRftInmDh"
500,"SWFV7VOKNUo4","2020-06-19 12:52:14","example.com","2020-06-18 12:52:14","Gf4JwXMippXiU5racsoK3j6muq7GnyUA",6,"expired",334,"EnyZTAUeXhyp"
501,"kIitZtVjPl8n","2020-06-19 12:52:17","example.com","2020-06-18 12:52:17","5JQGZJs8pKCwnymBX8QmdTcktKnFtUOn",6,"expired",335,"zZqaX9xeVQmk"
502,"pDfCGXj9oZuJ","2020-06-19 12:52:20","example.com","2020-06-18 12:52:19","fUCPG2OZ51RGWva5WBzs9ndUSFMypt20",6,"expired",336,"ZJSx9IRCTLmN"
503,"9dYXa6l41eY0","2020-06-19 12:53:17","example.com","2020-06-18 12:53:17","bwZhSNewjV61DEx97CSgWdgwvTupdwsH",6,"expired",337,"dsE9yOhDtn3a"
504,"7kTDG9u5LYeb","2020-06-19 12:53:18","example.com","2020-06-18 12:53:18","3ToeDFIyOU6Ltv8OQYod6O1mwgbPH6Eh",6,"expired",338,"fA412iI1UI5X"
505,"EOdjVZcjk61j","2020-06-19 12:53:20","example.com","2020-06-18 12:53:20","5ny3OADqDXLH5QxZqCzrBplrGS4EJ0jj",6,"expired",339,"LiojFK3Pai4Z"
506,"lEf2WTFwg6ZQ","2020-06-19 12:53:23","example.com","2020-06-18 12:53:22","A9KguGZyrzL5UBUj2PE7s4HDrSVShIpC",6,"expired",340,"g8tN9idMdMOO"
507,"V0ECqbbq7zfQ","2020-06-19 12:53:25","example.com","2020-06-18 12:53:25","X27hPbrInwuD0UUYzN3aInp9pzD71yA3",6,"expired",341,"hUN1CXfj5Mv8"
508,"WKRoEIqTUj0y","2020-06-19 12:53:30","example.com","2020-06-18 12:53:29","4HXR1eVkdH1T4bXrwdABb160cff6h8r5",6,"expired",342,"pQBOJDyvPhx1"
509,"ZbtS8S5sTuq2","2020-06-19 12:53:32","example.com","2020-06-18 12:53:32","bO6ecogJTx7GulzAaZeHFg9BTyUEV1v3",6,"expired",343,"2T7iWJBvtak6"
510,"KXrIciFsJct4","2020-06-19 12:53:35","example.com","2020-06-18 12:53:34","2QQX5Sz3IIDxm6R1gtiXJa150iQgssYr",6,"expired",344,"5pbp07SpvL1Q"
511,"dwmbV7CVnkaT","2020-06-19 12:53:36","example.com","2020-06-18 12:53:36","BJMjbKfeLEDUDaeHaoBReMcCdxa89mYg",6,"expired",345,"GgqPt0vzv0D3"
512,"z3UnqCNBax5I","2020-06-19 12:53:39","example.com","2020-06-18 12:53:39","WpxbK9p9G2yE9t8H0QNeF6gkHvQu3ptU",6,"expired",346,"PjXUbnfUT5eM"
513,"n0tDMbgueTgf","2020-06-19 12:53:41","example.com","2020-06-18 12:53:41","6fhSTCdnOpXz35IyswNPCh02gJkRPva2",6,"expired",347,"OKy2S5AdmFB7"
514,"50WgKSwBmqC4","2020-06-19 12:53:44","example.com","2020-06-18 12:53:44","7FEwiaRCwNKKvqU0EcsUglxaYeG3OeWf",6,"expired",348,"5FBFY9ezJOVC"
515,"JXOlG8KrMo9n","2020-06-19 12:53:47","example.com","2020-06-18 12:53:46","vm1AC30Xee0AKRfEOq3Ai802VyDjgQl3",6,"expired",349,"Ilk0pnDhpiCG"
516,"mHfqN2I200d9","2020-06-19 12:53:49","example.com","2020-06-18 12:53:49","J0bRhKv6YNuMPvhiHrc6qCBTg5rZoPUD",6,"expired",350,"2aV8fhRGv2e2"
517,"fURgvbRVsJrB","2020-06-19 12:53:52","example.com","2020-06-18 12:53:51","jBgwgaFmJU2iPtzfPRin3SDsnqM1BJt9",6,"expired",351,"OwmwGqvGQBRl"
518,"pwtBV67PxVze","2020-06-19 12:53:54","example.com","2020-06-18 12:53:54","BgMLynimDWrOtUbcH06GofBicmlUZm7M",6,"expired",352,"bw4xgCQH3XJO"
519,"OSjqsxOa8rTO","2020-06-19 12:53:57","example.com","2020-06-18 12:53:57","tEMHeIdKaGPaxAPp2nGpb6Mrb22IHx1c",6,"expired",353,"D5eFEOiGXKDW"
520,"HM0fZNbt9TSd","2020-06-19 12:54:01","example.com","2020-06-18 12:54:00","DicrR0ZEgCS9UhYcAodcqMqvbjacGPkp",6,"expired",354,"AlvRA71r4GDo"
521,"nT4WVOeVLObs","2020-06-19 12:54:03","example.com","2020-06-18 12:54:03","TyKCTnzHs5mpaTgBQuuAYup9nmJsTL9w",6,"expired",355,"HaEQeTEzksJl"
522,"ggjW5vt4GhGp","2020-06-19 12:55:13","example.com","2020-06-18 12:55:13","O0TQl3huJr59bzsSsq4W1sQuI80GKdcU",6,"expired",356,"Ba4ybaoFeg5h"
523,"kR62MMBfAKfb","2020-06-19 13:00:15","example.com","2020-06-18 13:00:15","Llk3LZ2tf0M2KMTxaapcGyLBKdkhyFuL",6,"expired",357,"imbavZlGj9zr"
524,"I1YDqyqptTw0","2020-06-19 13:02:34","example.com","2020-06-18 13:02:34","SI8S2iPTxFQdVFa2GP4LGUmol83DnHGY",6,"expired",358,"N8TB4QLai5oG"
525,"S28OjkInjdIB","2020-06-19 13:26:01","k8-acme.bar.local.com","2020-06-18 13:26:01","AC4ksKzGN8hxO0OMsPI10OzCjiBx65iH",6,"expired",359,"VEowzy8ROoZm"
526,"peebyN4ukIhq","2020-06-19 18:41:45","k8-acme.bar.local.com","2020-06-18 18:41:45","er6GogT0VlR6t5ACQDfGfIDi5tKugNB7",6,"expired",360,"C2AQlrx0tDSp"
527,"NdVy79Ub8GOx","2020-06-19 18:50:51","k8-acme.bar.local.com","2020-06-18 18:50:51","2wwDKPcm4tzbxx4J8Efj4DMbplyOw5MV",6,"expired",361,"ZwNVbYF43Xn1"
528,"cEDUW69NMg9u","2020-06-19 18:52:24","k8-acme.bar.local","2020-06-18 18:52:24","Xu5d4RA9pVRA7ILfVY05gDc1nWmcH26Q",6,"expired",362,"vJmdT6ZTfvkv"
529,"GrHqGkpjecmx","2020-06-19 18:54:20","k8-acme.bar.local","2020-06-18 18:54:20","nHjO0FvpR6Yy1Ta556S2iVs0iXKqc6vF",6,"expired",363,"h2Dk6gvG53oi"
530,"0HTNxPVAshQv","2020-06-19 18:55:53","k8-acme.bar.local","2020-06-18 18:55:53","e2VrlIToKbgDoV4dCtnAAd6eAH3ovlXk",6,"expired",364,"zjyrVZYEby7a"
531,"6C2bo1HLTyWV","2020-06-19 19:15:29","k8-acme.bar.local","2020-06-18 19:15:29","lK70lY3X92Oqas20QJq1Av28GAk5VkgJ",6,"expired",365,"5nuP2vrsC4BB"
532,"GAomvA8MwQfG","2020-06-19 20:52:49","foo1.bar.local","2020-06-18 20:52:49","RwN2YoeSRslsqSEzW54pMM855KEhnrw0",6,"expired",366,"0Onp8t3fyJhj"
533,"9LclR7OR3lXR","2020-06-19 20:59:25","foo1.bar.local","2020-06-18 20:59:24","J3PX1zY1XgYzWVXblIG9EIti7cUdRGVq",6,"expired",367,"LwTIxReSKIPv"
534,"glUA1MK7N7eb","2020-06-19 21:11:13","foo1.bar.local","2020-06-18 21:11:12","ZW0zZqKOKAP4w2X5vGzM5RMToHsXiXFd",6,"expired",368,"t397CAcqjp1B"
535,"gtzfvafhX51U","2020-06-19 21:12:17","foo1.bar.local","2020-06-18 21:12:16","cZEn2Bo5n8Pa1y7Dq2j0FsU6GEX2wavB",6,"expired",369,"wOhlLb5bBmLW"
536,"ar0Eq4O56wKO","2020-06-19 21:13:32","foo1.bar.local","2020-06-18 21:13:32","RaOCL2tt6xsl09ipudhhTogeYLWhSkQu",6,"expired",370,"9nuDF6DSGy5H"
537,"5RSYyK52DzST","2020-06-19 21:20:34","k8-acme.bar.local","2020-06-18 21:20:34","ctQIc28cYo3XKCwyHiegeSCwXtJhvjC9",6,"expired",371,"HJHTE0Ci6Kkz"
538,"PGtYHjaYV9qS","2020-06-21 13:10:17","foo1.bar.local","2020-06-20 13:10:16","UiwE2zkI4xeQcqOo5OgxLukBuWFIh78t",6,"expired",372,"ivHvCmm79Gds"
539,"G0rXF6aF8qtF","2020-06-21 13:10:27","foo1.bar.local","2020-06-20 13:10:26","0JSV0myJDZMyPXzKlHBvCkoBR1jDUXy2",6,"expired",373,"GGzng6cK7abn"
540,"IWCSCDB9DDLe","2020-06-21 13:12:49","foo1.bar.local","2020-06-20 13:12:49","2ZCnwgCTRivYxlrqx1we71moOYwn3y42",6,"expired",374,"vcdL0JcSsFFn"
541,"nVwzyzkfG29g","2020-06-21 13:17:26","foo1.bar.local","2020-06-20 13:17:26","jaJiE8dbaQ04xUEqCtcxYytIRzMpkYC2",6,"expired",375,"oOR23hjMPSMG"
542,"xSrJfI7jd3pp","2020-06-21 13:18:10","foo1.bar.local","2020-06-20 13:18:10","gaG7gw2XHdo945Tlspbc7M0jHwhmbjOz",6,"expired",376,"rtJ1zowc6HT9"
543,"4aN0dRKvLgIf","2020-06-21 13:19:22","foo1.bar.local","2020-06-20 13:19:22","19lNFnkOaYeuzHOZ8f7fjHPevMrwmocL",6,"expired",377,"TuHQLL6gpJX6"
544,"gsTnbVTnDHQc","2020-06-21 13:20:12","foo1.bar.local","2020-06-20 13:20:12","PS5mYeXrU9UYnzH6Up3lMuVocVi2cGwL",6,"expired",378,"PouBEIywop74"
545,"yqIfaYQOdkGB","2020-06-21 13:21:12","foo1.bar.local","2020-06-20 13:21:12","d6s0at6yKgn88iV5JKx2yNfHE28Cqnad",6,"expired",379,"fq7ghPUBZy1f"
546,"SUdad7rsWL6D","2020-06-21 13:23:07","foo1.bar.local","2020-06-20 13:23:07","4Zs2QB4onQZPCTk7HoJ5v0Of1IKSs910",6,"expired",380,"UmsgyQyJT91J"
547,"E9qGhhTnCAxp","2020-06-21 13:24:30","foo1.bar.local","2020-06-20 13:24:30","2UH9oDOCAqdtmExGrg88MgVDu5d4G7Oh",6,"expired",381,"5vye0gVRTOJU"
548,"WaeS632DR5px","2020-06-21 13:25:03","foo1.bar.local","2020-06-20 13:25:02","gKk3j2XKdH168P9FfJDlp3kA18M3SXHN",6,"expired",382,"rrGR4DGZWb4I"
549,"IZaxRKO58NmC","2020-06-21 13:25:35","foo1.bar.local","2020-06-20 13:25:35","FBBrjtPuKGWmA43p1QgIk88gidtDLr8h",6,"expired",383,"Yju78k2CEmWP"
550,"YYUyAz1VXTUT","2020-06-21 13:26:15","foo1.bar.local","2020-06-20 13:26:15","765wJmAOX6RdFMVslwtToaxW3vaETgSl",6,"expired",384,"lA9ZnGp8YmjB"
551,"leTyNkB5QY85","2020-06-21 13:26:32","foo1.bar.local","2020-06-20 13:26:32","rj1OUOjAeIckDSjdgZzwH0cHtFCkBBto",6,"expired",385,"kP8yUbMSyjLw"
552,"kpua2OC2oMyC","2020-06-21 13:27:09","foo1.bar.local","2020-06-20 13:27:09","8DXNHA6nYTvLvhU9qOqSQ7fhruJnkjas",6,"expired",386,"RSttxTPZ8TNM"
553,"CNBkz2NSrquo","2020-06-21 13:29:06","foo1.bar.local","2020-06-20 13:29:06","WDVWc27bhiy4N6AVRPo9p3DrXNEs05DZ",6,"expired",387,"wqvhmJuuL9DZ"
554,"Xhq4KIBrJLvz","2020-06-21 13:29:13","foo1.bar.local","2020-06-20 13:29:13","MLDSlhMM7iIfzacBuL7rbD0Dvu2edB3y",6,"expired",388,"KXpcjNXtJmyT"
555,"mWtfG8VZ6IUE","2020-06-21 13:29:20","foo1.bar.local","2020-06-20 13:29:20","HOXdfPcE2VYmoeGm3HLMz0N9stydIgyd",6,"expired",389,"K8A7fJu9MMvh"
556,"cAUEn0PyWXrq","2020-06-21 13:34:04","foo1.bar.local","2020-06-20 13:34:04","Lxy0jbXc2KxAeKZLYEVR6gIemNfI0qzG",6,"expired",390,"OQQeUo0pseyI"
557,"Ybc0EpCZlnsE","2020-06-24 03:09:26","k8-acme.bar.local","2020-06-23 03:09:26","SjjHtFFca0k7Ns2kTKrCUIXFyvpmwlBT",6,"expired",391,"lLCuN1mYnqDJ"
558,"fRjzVEkIQTUL","2020-06-25 03:37:35","k8-acme.bar.local","2020-06-24 03:37:35","zg8mo2UNGbQIa1yYsXULDi6RyrAJUMXo",6,"expired",392,"9BgIFxJm0qIB"
559,"dxn8FiCoyxDQ","2020-06-25 03:39:14","k8-acme.bar.local","2020-06-24 03:39:14","Z1BO4f9OyeBiWjujQZ4QzCucniQtHfVt",6,"expired",393,"9eBQHOLxyoSu"
560,"lAuAifOgbJoY","2020-06-25 03:42:22","k8-acme.bar.local","2020-06-24 03:42:22","M2a8pRMHvfrPmO8B6fsWoBRk1SJdErH8",6,"expired",394,"XRJjNMtVHlW7"
561,"tUc1WetsauPN","2020-06-25 04:09:16","k8-acme.bar.local","2020-06-24 04:09:16","SNHjaaq7AloWfsE7PV828sgsqWgFPvqh",6,"expired",395,"G0Tc1QkPtPVh"
562,"8KJeu5EPb66c","2020-06-25 04:26:43","acme-sh.acme","2020-06-24 04:26:43","VRNsO6ReSyvk0XA9c7LklDHCVEu6J3tc",6,"expired",396,"PRJth3RZ9znU"
563,"JsKhPb8z3YSU","2020-06-25 04:26:43","acme-sh","2020-06-24 04:26:43","pDuwAqA7VK2QXh4bUDlFOM74HJAoWB6d",6,"expired",396,"PRJth3RZ9znU"
564,"9Jiqx5RTaDQP","2020-06-25 04:29:25","foo1.bar.local","2020-06-24 04:29:25","RkLOQqKoxe61zWV98RcEJ1st2R1AbIyT",6,"expired",397,"va8MxRKRprzl"
565,"aguevMR9lU40","2020-06-25 04:29:26","foo2.bar.local","2020-06-24 04:29:25","JVxlVLzjR5qiMZGIA6N2P53O3oTKyXOa",6,"expired",397,"va8MxRKRprzl"
566,"YszIr569SAKl","2020-06-25 18:56:24","foo.bar.local","2020-06-24 18:56:24","UdcIDoQKCyzSP3Jjv1Kcy1UwLr6DtRzY",6,"expired",398,"osdLjVRH4DAx"
567,"dIe7CJNgoBUj","2020-06-25 18:57:57","foo.bar.local","2020-06-24 18:57:57","0NWrKYDNuT0Omels90wpTUeKEJJWU8Wb",6,"expired",399,"bvVediUlqVSB"
568,"3m650Yz5nN7k","2020-06-28 05:37:35","foo1.bar.local","2020-06-27 05:37:35","HDGpLePW7pDWWxNQldPdHQg7ayTa4pyg",6,"expired",400,"s38H6Zd4yQTA"
569,"IOyVBcjRHjxa","2020-06-28 05:42:42","foo1.bar.local","2020-06-27 05:42:42","l6NSWD6gwDkMF8ACvhtVctRHY6Kk4zJC",6,"expired",401,"3eC4bzkPUq5s"
570,"S93JMNugnpva","2020-06-28 05:42:43","foo2.bar.local","2020-06-27 05:42:42","29UzztuOfDYhAnYxE0BHLGZ1tDCaJMwL",6,"expired",401,"3eC4bzkPUq5s"
571,"LirV4ZZsSK6L","2020-06-28 05:43:46","foo1.bar.local","2020-06-27 05:43:46","7vzZw5lnqA31uX3uYq4sRnRGw75JUceM",6,"expired",402,"HcF1CTULAbBi"
572,"2tDbr2W3eyBN","2020-06-28 05:43:47","foo2.bar.local","2020-06-27 05:43:46","rwj8q10VBg5opGT3yTcwoQFy2AwXFDb8",6,"expired",402,"HcF1CTULAbBi"
573,"FIphVR7ckl33","2020-06-28 05:45:16","foo1.bar.local","2020-06-27 05:45:16","o7enpAhzxba7mXSd2qUc9oEncb3mjAKy",6,"expired",403,"Cuj57N52zfOM"
574,"ZBElxejwj53c","2020-06-28 05:45:17","foo2.bar.local","2020-06-27 05:45:16","UlnhWruW5Ao1h7waHpuLuF66j3hIdjl7",6,"expired",403,"Cuj57N52zfOM"
575,"hAYVfdQJWZmP","2020-06-28 05:45:17","foo3.bar.local","2020-06-27 05:45:16","uilsXs5b5nfbti2azUi2HAnOhsR0cIKa",6,"expired",403,"Cuj57N52zfOM"
576,"ev0g52OEarAN","2020-06-28 05:46:25","foo1.bar.local","2020-06-27 05:46:25","6MwEGVAWKPKTcf6LR1Rt0izENxqMPIgv",6,"expired",404,"xnKeO2tldx0J"
577,"0uXR94onz6bl","2020-06-28 05:46:26","foo2.bar.local","2020-06-27 05:46:25","1iOK33FBmWSs8WY3VoOrqGoybgwMY8Dv",6,"expired",404,"xnKeO2tldx0J"
578,"j5oULnYaqnJ8","2020-06-28 05:46:26","foo3.bar.local","2020-06-27 05:46:25","0Mw8Vl0aBXaBO1xDmqDVyDxgrDNFUyE1",6,"expired",404,"xnKeO2tldx0J"
579,"oG3QZzI8q7mR","2020-06-28 06:00:20","d2hhdCBhIHNoaXQ=","2020-06-27 06:00:20","zFY4ZOA6I4swOY3cC0ODvnVzifydPr5R",6,"expired",405,"oPvPZn2OTNRW"
580,"VEIPxSY3e93c","2020-06-28 06:03:05","d2hhdCBhIHNoaXQ=","2020-06-27 06:03:05","0v7DyvCH3IOEDg20y1xhJNV5gY31DTuD",6,"expired",406,"4UT4Rr0XA3tW"
581,"y91LPR7ILHnM","2020-06-28 06:05:02","MAqgCBYGMTIzNDU2","2020-06-27 06:05:02","liztkt1QximKOhKVakZWyWb48xvK5bSR",6,"expired",407,"ElrLLadsPpDB"
582,"gXT5BIAOYGKG","2020-06-28 06:07:01","d2hhdCBhIHNoaXQ=","2020-06-27 06:07:01","IsLaYQDWkHXmwxnOEjMtgx68BewXNZsK",6,"expired",408,"HQxOObn1TvUz"
583,"sgPykMn1gmYr","2020-06-28 06:10:37","d2hhdCBhIHNoaXQ=","2020-06-27 06:10:37","jDJeifsWTrsfPinusu9ohtslb8l1A0Lu",6,"expired",409,"ekjJ7oc0TXQ8"
585,"qrB1u4C2z5No","2020-06-28 06:39:01","d2hhdCBhIHNoaXQ=","2020-06-27 06:39:01","qNhICTbdzkDdZYvgW3UXrnA3jGXjhKkZ",6,"expired",411,"ew3vBVPSel38"
586,"M3QVyUAeNMj5","2020-06-28 06:39:20","MAqgCBYGMTIzNDU2","2020-06-27 06:39:20","Zaqo0j8MlAJcHLlRtDG2lVriawMZ6BBV",6,"expired",412,"8bkFEArzRNgq"
587,"2D926XA0eBL2","2020-06-28 15:18:55","MAqgCBYGMTIzNDU2","2020-06-27 15:18:55","AgGbq8lTB377XzsHfd5G27GnQcvlVznE",6,"expired",413,"jyPmWBDtWW8T"
588,"d1Ppi6wa3EcO","2020-06-28 15:20:33","MAqgCBYGMTIzNDU2","2020-06-27 15:20:33","pwEIrjaEXIzWZ7u5iunmNQrHAHWRyUKG",6,"expired",414,"TDC557P6eGKH"
589,"i7xtLXnXMzSv","2020-06-28 15:21:42","MAqgCBYGMTIzNDU2","2020-06-27 15:21:42","MtdZArToXCuhVIZYUyiFuNQ3bMg34bXJ",6,"expired",415,"2Fd5mL8gs22T"
590,"9hNM7CefWjsE","2020-06-28 18:22:19","MAqgCBYGMTIzNDU2","2020-06-27 18:22:19","WKnn8kiptmJPv5Ykxf2WJq9j3bujZcqT",6,"expired",416,"qg0H7MsL9CBn"
591,"dNhwt73OFmLN","2020-06-29 05:58:12","MAqgCBYGMTIzNDU2","2020-06-28 05:58:12","UlRv9nZUirkKhBaf3jjrIawYtR6mcrRo",6,"expired",417,"wsoMOEcuhSPo"
592,"VMFFR7RQQJCi","2020-06-29 06:05:58","MAqgCBYGMTIzNDU2","2020-06-28 06:05:58","ZJFLQuWiuDlZIayG9TvUrZwbZXgJcEKE",6,"expired",418,"k17AfE23X3B4"
593,"LRXrQqiUW14N","2020-06-29 07:35:52","k8-acme.bar.local","2020-06-28 07:35:52","MkGgQL8Wz9EKon2jUmqrHNSoCudChMiT",6,"expired",419,"AFeDsyfLFHGy"
594,"d0ECEAIQqzr5","2020-06-29 08:33:44","k8-acme.bar.local","2020-06-28 08:33:44","VPExgNRqr4TLjIT9NiQxGAs8V2kW783C",6,"expired",420,"FpojWo7Jtlxn"
595,"Y1wzawOC0Bda","2020-06-29 13:44:01","MAqgCBYGMTIzNDU2","2020-06-28 13:44:01","2eVMzbtq3msQDyLlH1LJ4Lrb2h2Whl7q",6,"expired",421,"lfxdvX3jyfX7"
596,"t1MBifglaluo","2020-06-29 13:44:16","MAqgCBYGMTIzNDU2","2020-06-28 13:44:16","ntzpYkvcObzcZ79IttyFqygmdufliOyW",6,"expired",422,"UNiuf7OIMRsK"
597,"7UDT3zdgWc8d","2020-06-29 13:44:41","cert.stir.bar.local","2020-06-28 13:44:41","xTIi1EiKPJIYdKX4xz5hIK51MS8ATfGU",6,"expired",423,"R3wle2QDpOhd"
598,"9B9951VP2ID0","2020-06-29 13:45:14","foo1.bar.local","2020-06-28 13:45:14","1gn1xVL8qxMpUums9jqmfJoMKlrMfXjZ",6,"expired",424,"lZ30Xm3vo83G"
599,"Qjbj8hcND41I","2020-06-29 13:45:14","foo2.bar.local","2020-06-28 13:45:14","UrQAcPSiqSa7PZ3Duep23DetDgYWuA0Q",6,"expired",424,"lZ30Xm3vo83G"
600,"cU77JLLnGTdH","2020-06-29 13:48:44","foo1.bar.local","2020-06-28 13:48:44","iwThZqAhloYdK3mu52nhlajohOyQSaZ3",6,"expired",425,"D8gk46zG0KhX"
601,"duwSOXJRVbMx","2020-06-29 13:48:44","foo2.bar.local","2020-06-28 13:48:44","wv6UGZiVARSYGqpajjx9r5SxB2Duu3ty",6,"expired",425,"D8gk46zG0KhX"
602,"CNjM5qJLaxP1","2020-06-29 13:49:51","foo1.bar.local","2020-06-28 13:49:51","ITWsCZWFeaVfqBqNKVaWrZPMT4fZcWqv",6,"expired",426,"guVphaJqq22Q"
603,"NlgU4AtDK9Ey","2020-06-29 13:49:52","foo2.bar.local","2020-06-28 13:49:51","iHzHn3nKk1hBO6hNZMjn1b73qAebn1Is",6,"expired",426,"guVphaJqq22Q"
604,"8ztvt0faXHxu","2020-06-29 13:50:53","foo1.bar.local","2020-06-28 13:50:53","xGIkH32l2WVzSVPsM6h2g5oGjPxt3pHV",6,"expired",427,"a5nytgzHzjNe"
605,"ilDSLRYtwcjF","2020-06-29 13:50:53","foo2.bar.local","2020-06-28 13:50:53","fZHTAPag1252yDx32TxLVhFcrX30UHi7",6,"expired",427,"a5nytgzHzjNe"
606,"ktvgQz1eq01E","2020-06-29 13:52:50","foo1.bar.local","2020-06-28 13:52:50","cuS5stXkxNEtyHyCPebHqK7OgTxo1mib",6,"expired",428,"uqNkRk9KVYwI"
607,"RfvIKb4vzaIm","2020-06-29 13:53:32","foo1.bar.local","2020-06-28 13:53:32","4ALpMXZ6XAt056xRNEHMDZYB3gUVsWk8",6,"expired",429,"2UGBacC0ZV5I"
608,"DMBBWjDtDRPl","2020-06-29 13:53:38","foo1.bar.local","2020-06-28 13:53:38","XJBB9lWtUH2Wb7r54PNHUTeb7Y3dsr6t",6,"expired",430,"6FAze3nwqQa5"
609,"ErLVzsmgIWWE","2020-06-29 13:53:44","foo1.bar.local","2020-06-28 13:53:44","nPi1ktP4y6JkKkFpwHuxywIjY8xuKIPR",6,"expired",431,"62oCK1aH6wX9"
610,"WWYJjt1O1wGx","2020-06-29 13:53:50","foo1.bar.local","2020-06-28 13:53:50","am0QlMw3PA1tA0IerE2AgJ1ePvMYuGZA",6,"expired",432,"IseoSV9EMhXh"
611,"SOYGqXiNzU8c","2020-06-29 13:53:56","foo1.bar.local","2020-06-28 13:53:56","6pblU14lpSH5UAnL1kinp9facMRIdX6e",6,"expired",433,"ji4F3A472qCU"
612,"qM1pn4BK7t5h","2020-06-29 13:54:02","foo1.bar.local","2020-06-28 13:54:02","v3YH6pkWKJg9o6tCDtNnZi8urTqxLhy8",6,"expired",434,"YhNDg4j5ylpd"
613,"V7iCGmCdFEbp","2020-06-29 13:54:08","foo1.bar.local","2020-06-28 13:54:07","rExwH3o6pDcvfTfmaoVSNvWBNNSgYQY5",6,"expired",435,"op6eMJfN3QA8"
614,"z0Ky6MabsdZD","2020-06-29 14:12:19","foo1.bar.local","2020-06-28 14:12:19","5sCxhqB0YfriZqeoTvIgaWZWWyNvWqb5",6,"expired",436,"k52TTlL6jxPF"
615,"QWunxNPWEl2C","2020-06-29 14:12:39","foo1.bar.local","2020-06-28 14:12:39","tyAaOXZlTwApSiIt1q6YzWOF7JFpBiY9",6,"expired",437,"v6ZpZeDUDmte"
616,"VIG13w0bAuTI","2020-08-01 09:35:09","foo1.bar.local","2020-07-31 09:35:08","W6swuypANtnHjdRas3V0eIOFRLOv25df",6,"expired",438,"2Zqvl7790UPR"
617,"YRoiI25jHiCU","2020-08-01 09:35:09","foo2.bar.local","2020-07-31 09:35:08","zpM2ag1Zv9YZ1fm9AIX82f5Yg2bJWJQg",6,"expired",438,"2Zqvl7790UPR"
618,"qs3V6PdAvXfA","2020-08-01 09:35:21","foo1.bar.local","2020-07-31 09:35:21","qdFq0KuO06FCBzPs73B7ZYxVoCKi1es8",6,"expired",439,"TQb8NyQJIEW5"
619,"KtxT86LXrpoi","2020-08-01 09:35:21","foo2.bar.local","2020-07-31 09:35:21","4EVQo29ZMdk6tI07JlQyAtW9biBbX3ll",6,"expired",439,"TQb8NyQJIEW5"
620,"FYHzEzUaMYE1","2020-08-01 09:35:32","foo1.bar.local","2020-07-31 09:35:32","gCwXFttWxlXiO88cqGwu5ulXNuQLeYjC",6,"expired",440,"rNeY5skyPKaz"
621,"dDdQLEAL4lYG","2020-08-01 09:35:32","foo2.bar.local","2020-07-31 09:35:32","wA8mj09cfKTlJbueNj6rBv9NLxfYbKGe",6,"expired",440,"rNeY5skyPKaz"
